Country,Year,Revenue_Total,Expenditure_Total,Expenditure_Interest,Total_Debt,SFA,IR,Surplus,Primary_Surplus
Germany,1960-01-01,NA,NA,NA,NA,NA,NA,NA,NA
Germany,1961-01-01,NA,NA,NA,NA,NA,NA,NA,NA
Germany,1962-01-01,NA,NA,NA,NA,NA,NA,NA,NA
Germany,1963-01-01,NA,NA,NA,NA,NA,NA,NA,NA
Germany,1964-01-01,NA,NA,NA,NA,NA,NA,NA,NA
Germany,1965-01-01,NA,NA,NA,NA,NA,NA,NA,NA
Germany,1966-01-01,NA,NA,NA,NA,NA,NA,NA,NA
Germany,1967-01-01,NA,NA,NA,NA,NA,NA,NA,NA
Germany,1968-01-01,NA,NA,NA,NA,NA,NA,NA,NA
Germany,1969-01-01,NA,NA,NA,NA,NA,NA,NA,NA
Germany,1970-01-01,NA,NA,NA,NA,NA,NA,NA,NA
Germany,1971-01-01,NA,NA,NA,NA,NA,NA,NA,NA
Germany,1972-01-01,NA,NA,NA,NA,NA,NA,NA,NA
Germany,1973-01-01,NA,NA,NA,NA,NA,NA,NA,NA
Germany,1974-01-01,NA,NA,NA,NA,NA,NA,NA,NA
Germany,1975-01-01,NA,NA,NA,NA,NA,NA,NA,NA
Germany,1976-01-01,NA,NA,NA,NA,NA,NA,NA,NA
Germany,1977-01-01,NA,NA,NA,NA,NA,NA,NA,NA
Germany,1978-01-01,NA,NA,NA,NA,NA,NA,NA,NA
Germany,1979-01-01,NA,NA,NA,NA,NA,NA,NA,NA
Germany,1980-01-01,NA,NA,NA,NA,NA,NA,NA,NA
Germany,1981-01-01,NA,NA,NA,NA,NA,NA,NA,NA
Germany,1982-01-01,NA,NA,NA,NA,NA,NA,NA,NA
Germany,1983-01-01,NA,NA,NA,NA,NA,NA,NA,NA
Germany,1984-01-01,NA,NA,NA,NA,NA,NA,NA,NA
Germany,1985-01-01,NA,NA,NA,NA,NA,NA,NA,NA
Germany,1986-01-01,NA,NA,NA,NA,NA,NA,NA,NA
Germany,1987-01-01,NA,NA,NA,NA,NA,NA,NA,NA
Germany,1988-01-01,NA,NA,NA,NA,NA,NA,NA,NA
Germany,1989-01-01,NA,NA,NA,NA,NA,NA,NA,NA
Germany,1990-01-01,NA,NA,NA,NA,NA,NA,NA,NA
Germany,1991-01-01,686.311,736.883,42.517,NA,NA,NA,-50.572,-8.055
Germany,1992-01-01,761.026,805.365,52.62,NA,NA,NA,-44.339000000000055,8.280999999999942
Germany,1993-01-01,790.261,844.45,55.596,NA,NA,NA,-54.18900000000008,1.4069999999999183
Germany,1994-01-01,837.075,883.25,60.627,NA,NA,NA,-46.174999999999955,14.452000000000048
Germany,1995-01-01,870.238,1049.528,66.581,1040.2,NA,NA,-179.28999999999996,-112.70899999999996
Germany,1996-01-01,885.563,955.732,66.769,1110.4,0.1,6.4189401,-70.16899999999998,-3.3999999999999773
Germany,1997-01-01,899.509,959.06,66.801,1154.5,-15.5,6.0157175,-59.55099999999993,7.250000000000071
Germany,1998-01-01,923.01,976.592,67.765,1199.3,-8.8,5.8698358,-53.581999999999994,14.183000000000007
Germany,1999-01-01,968.416,1007.187,64.274,1243.7,5.6,5.3593863,-38.77099999999996,25.503000000000043
Germany,2000-01-01,986.936,1023.445,67.54,1251.5,-28.6,5.4307168,-36.509000000000015,31.03099999999999
Germany,2001-01-01,977.627,1046.229,66.201,1264.3,-55.9,5.2896034,-68.60200000000009,-2.4010000000000957
Germany,2002-01-01,981.788,1072.638,66.135,1317.7,-37.4,5.2310948,-90.84999999999991,-24.714999999999904
Germany,2003-01-01,1001.289,1087.101,65.075,1405.2,1.7,4.9386057,-85.81200000000013,-20.737000000000123
Germany,2004-01-01,998.635,1077.08,63.816,1475.2,-8.5,4.541435,-78.44499999999994,-14.628999999999934
Germany,2005-01-01,1011.597,1089.993,63.494,1545.7,-7.9,4.3041434,-78.39599999999996,-14.901999999999958
Germany,2006-01-01,1056.69,1099.274,65.218,1595.3,7.1,4.2194014,-42.58399999999983,22.63400000000017
Germany,2007-01-01,1110.816,1106.879,67.686,1603.7,12.3,4.2428078,3.9370000000001255,71.62300000000013
Germany,2008-01-01,1143.471,1150.28,69.096,1672.6,62.1,4.3086195,-6.808999999999969,62.287000000000035
Germany,2009-01-01,1125.612,1204.819,65.189,1789.2,37.4,3.8975203,-79.20699999999988,-14.017999999999887
Germany,2010-01-01,1143.087,1258.707,63.851,2102.7,197.8,3.5686634,-115.62000000000012,-51.76900000000012
Germany,2011-01-01,1220.989,1244.063,67.98,2139.1,13.4,3.2330288,-23.07400000000007,44.905999999999935
Germany,2012-01-01,1260.986,1262.507,64.185,2216.7,76,3.000492,-1.5209999999999582,62.664000000000044
Germany,2013-01-01,1298.112,1294.6,51.902,2201.9,-11.3,2.3414036,3.512000000000171,55.41400000000017
Germany,2014-01-01,1350.164,1328.332,47.547,2203.7,23.7,2.159345,21.83199999999988,69.37899999999988
Germany,2015-01-01,1401.532,1373.293,42.913,2177.2,1.7,1.9472782,28.239000000000033,71.15200000000003
Germany,2016-01-01,1465.493,1429.256,37.888,2161.6,20.6,1.7401922,36.23699999999985,74.12499999999986
Germany,2017-01-01,1529.123,1484.552,34.489,2130.3,13.3,1.5955676,44.57100000000014,79.06000000000014
Germany,2018-01-01,1597.996,1533.328,31.787,2083.7,18,1.4921204,64.66800000000012,96.45500000000013
Germany,2019-01-01,1657.565,1610.615,28.052,2069.9,33.2,1.346275,46.950000000000045,75.00200000000004
Germany,2020-01-01,1612.652,1763.784,22.39,2347,125.9,1.0817004,-151.13200000000006,-128.74200000000008
Germany,2021-01-01,1747.866,1864.302,21.734,2502.8,39.4,0.9260512,-116.43599999999992,-94.70199999999991
Germany,2022-01-01,1852.59,1937.465,27.871,2569.9,-17.8,1.113585,-84.875,-57.004000000000005
Germany,2023-01-01,1917.448,2024.97,36.567,2631.8,-45.6,1.4228975,-107.52199999999993,-70.95499999999993
Germany,2024-01-01,2012.341,2105.752,44.74021,2710.2,-15,1.7,-93.41100000000006,-48.67079000000006
Germany,2025-01-01,2091.927,2178.782,47.42829,2802,5,1.75,-86.85500000000002,-39.42671000000002
Germany,2026-01-01,2168.105,2248.633,50.43677,2887.6,5,1.8,-80.52799999999979,-30.09122999999979
France,1960-01-01,NA,NA,NA,NA,NA,NA,NA,NA
France,1961-01-01,NA,NA,NA,NA,NA,NA,NA,NA
France,1962-01-01,NA,NA,NA,NA,NA,NA,NA,NA
France,1963-01-01,NA,NA,NA,NA,NA,NA,NA,NA
France,1964-01-01,NA,NA,NA,NA,NA,NA,NA,NA
France,1965-01-01,NA,NA,NA,NA,NA,NA,NA,NA
France,1966-01-01,NA,NA,NA,NA,NA,NA,NA,NA
France,1967-01-01,NA,NA,NA,NA,NA,NA,NA,NA
France,1968-01-01,NA,NA,NA,NA,NA,NA,NA,NA
France,1969-01-01,NA,NA,NA,NA,NA,NA,NA,NA
France,1970-01-01,NA,NA,NA,NA,NA,NA,NA,NA
France,1971-01-01,NA,NA,NA,NA,NA,NA,NA,NA
France,1972-01-01,NA,NA,NA,NA,NA,NA,NA,NA
France,1973-01-01,NA,NA,NA,NA,NA,NA,NA,NA
France,1974-01-01,NA,NA,NA,NA,NA,NA,NA,NA
France,1975-01-01,NA,NA,NA,NA,NA,NA,NA,NA
France,1976-01-01,NA,NA,NA,NA,NA,NA,NA,NA
France,1977-01-01,NA,NA,NA,NA,NA,NA,NA,NA
France,1978-01-01,151.298,157.562,3.597,NA,NA,NA,-6.26400000000001,-2.66700000000001
France,1979-01-01,179.153,181.073,4.513,NA,NA,NA,-1.920000000000016,2.592999999999984
France,1980-01-01,207.706,209.642,5.508,NA,NA,NA,-1.936000000000007,3.571999999999993
France,1981-01-01,237.397,249.675,8.669,NA,NA,NA,-12.27800000000002,-3.6090000000000195
France,1982-01-01,277.762,294.386,10.253,NA,NA,NA,-16.624000000000024,-6.3710000000000235
France,1983-01-01,313.57,330.098,14.355,NA,NA,NA,-16.52800000000002,-2.1730000000000196
France,1984-01-01,346.004,365.348,16.485,NA,NA,NA,-19.343999999999994,-2.8589999999999947
France,1985-01-01,373.838,396.36,19.144,NA,NA,NA,-22.52199999999999,-3.377999999999993
France,1986-01-01,396.741,422.787,20.811,NA,NA,NA,-26.045999999999992,-5.234999999999992
France,1987-01-01,422.038,439.28,21.082,NA,NA,NA,-17.241999999999962,3.840000000000039
France,1988-01-01,444.837,468.563,21.927,NA,NA,NA,-23.726,-1.7989999999999995
France,1989-01-01,475.534,493.305,24.456,NA,NA,NA,-17.771000000000015,6.6849999999999845
France,1990-01-01,502.524,528.166,28.115,NA,NA,NA,-25.642000000000053,2.4729999999999457
France,1991-01-01,528.479,559.735,30.544,NA,NA,NA,-31.255999999999972,-0.7119999999999713
France,1992-01-01,542.759,594.798,33.664,NA,NA,NA,-52.03899999999999,-18.374999999999986
France,1993-01-01,557.876,630.501,36.759,NA,NA,NA,-72.625,-35.866
France,1994-01-01,580.523,644.506,39.168,NA,NA,NA,-63.98299999999995,-24.814999999999948
France,1995-01-01,618.332,680.37,41.9826,701.6,NA,NA,-62.03800000000001,-20.055400000000013
France,1996-01-01,649.94,698.524,45.0734,755.6,5.36,6.4240222,-48.583999999999946,-3.510599999999947
France,1997-01-01,668.781,716.647,45.7963,799.4,-4.07,6.0610404,-47.8660000000001,-2.069700000000097
France,1998-01-01,694.521,726.716,45.5858,836.1,4.49,5.7026531,-32.19500000000005,13.390799999999949
France,1999-01-01,727.045,748.589,42.9433,856.9,-0.66,5.1363934,-21.544000000000096,21.399299999999904
France,2000-01-01,756.007,775.349,43.6059,880,3.72,5.0885385,-19.342000000000098,24.2638999999999
France,2001-01-01,786.539,808.226,46.7064,907.7,5.98,5.3075165,-21.687000000000012,25.01939999999999
France,2002-01-01,800.987,851.107,47.7935,966.8,9.03,5.2654999,-50.120000000000005,-2.326500000000003
France,2003-01-01,815.469,881.786,46.6581,1060.4,27.27,4.825922,-66.3169999999999,-19.658899999999896
France,2004-01-01,855.607,915.906,47.5106,1134.3,13.64,4.4804143,-60.29899999999998,-12.788399999999982
France,2005-01-01,894.341,956.143,47.8451,1201.5,5.32,4.2178543,-61.80200000000002,-13.956900000000019
France,2006-01-01,943.178,992.241,48.0601,1207.3,-43.22,4.0001059,-49.06299999999999,-1.0028999999999897
France,2007-01-01,981.352,1039.288,52.0952,1268.9,3.61,4.3149716,-57.936000000000035,-5.840800000000037
France,2008-01-01,1010.53,1080.221,57.1693,1389.4,50.85,4.5055687,-69.69100000000003,-12.521700000000031
France,2009-01-01,979.773,1122.607,49.2815,1627.2,94.95,3.5469586,-142.83399999999995,-93.55249999999995
France,2010-01-01,1009.201,1151.962,50.7079,1722.2,-47.77,3.1163013,-142.76099999999997,-92.05309999999997
France,2011-01-01,1066.319,1175.705,55.9957,1830.1,-1.42,3.2514577,-109.38599999999997,-53.39029999999997
France,2012-01-01,1100.966,1208.953,54.9408,1915.8,-22.29,3.0020059,-107.98700000000008,-53.04620000000008
France,2013-01-01,1137.646,1242.358,49.426,2004.7,-15.84,2.579867,-104.71199999999999,-55.28599999999999
France,2014-01-01,1159.145,1257.649,47.3158,2070.6,-32.63,2.360239,-98.5039999999999,-51.1881999999999
France,2015-01-01,1182.327,1268.008,44.7074,2134.1,-22.19,2.1591735,-85.68100000000004,-40.97360000000004
France,2016-01-01,1196.623,1280.648,42.4307,2190,-28.09,1.988252,-84.02499999999986,-41.59429999999986
France,2017-01-01,1244.387,1321.445,41.0201,2262.4,-4.62,1.8730579,-77.05799999999999,-36.03789999999999
France,2018-01-01,1273.016,1327.632,41.6606,2319.8,2.72,1.8413991,-54.615999999999985,-12.955399999999983
France,2019-01-01,1287.929,1346.155,36.8682,2386.1,8.13,1.5893006,-58.225999999999885,-21.357799999999884
France,2020-01-01,1223.273,1430.357,29.7241,2662.1,68.89,1.2457016,-207.08400000000006,-177.35990000000007
France,2021-01-01,1326.275,1491.424,34.7999,2826.7,-0.53,1.3072324,-165.1489999999999,-130.34909999999988
France,2022-01-01,1424.97,1550.743,50.9131,2953.6,1.12,1.8011332,-125.77299999999991,-74.85989999999991
France,2023-01-01,1455.038,1609.883,52.7941,3101.4,-7.09,1.7874347,-154.84500000000003,-102.05090000000003
France,2024-01-01,1496.94,1678.565,63.41795,3289.1,6.12,2.0448328,-181.625,-118.20705000000001
France,2025-01-01,1559.014,1716.153,75.39014,3447.5,1.24,2.2921078,-157.13900000000012,-81.74886000000012
France,2026-01-01,1599.105,1764.876,87.32107,3607.8,-5.44,2.532884,-165.77099999999996,-78.44992999999995
Italy,1960-01-01,NA,NA,NA,4,NA,NA,NA,NA
Italy,1961-01-01,NA,NA,NA,4.3,NA,NA,NA,NA
Italy,1962-01-01,NA,NA,NA,4.6,NA,NA,NA,NA
Italy,1963-01-01,NA,NA,NA,5,NA,NA,NA,NA
Italy,1964-01-01,NA,NA,NA,5.5,NA,NA,NA,NA
Italy,1965-01-01,NA,NA,NA,6.1,NA,NA,NA,NA
Italy,1966-01-01,NA,NA,NA,7.8,NA,NA,NA,NA
Italy,1967-01-01,NA,NA,NA,8.6,NA,NA,NA,NA
Italy,1968-01-01,NA,NA,NA,10,NA,NA,NA,NA
Italy,1969-01-01,NA,NA,NA,11.3,NA,NA,NA,NA
Italy,1970-01-01,NA,NA,NA,13.1,NA,NA,NA,NA
Italy,1971-01-01,NA,NA,NA,16.1,NA,NA,NA,NA
Italy,1972-01-01,NA,NA,NA,20.1,NA,NA,NA,NA
Italy,1973-01-01,NA,NA,NA,25.8,NA,NA,NA,NA
Italy,1974-01-01,NA,NA,NA,32.4,NA,NA,NA,NA
Italy,1975-01-01,NA,NA,NA,41.9,NA,NA,NA,NA
Italy,1976-01-01,NA,NA,NA,52.3,NA,NA,NA,NA
Italy,1977-01-01,NA,NA,NA,62.5,NA,NA,NA,NA
Italy,1978-01-01,NA,NA,NA,79.1,NA,NA,NA,NA
Italy,1979-01-01,NA,NA,NA,94.8,NA,NA,NA,NA
Italy,1980-01-01,NA,NA,NA,114.1,NA,NA,NA,NA
Italy,1981-01-01,NA,NA,NA,142.4,NA,NA,NA,NA
Italy,1982-01-01,NA,NA,NA,181.6,NA,NA,NA,NA
Italy,1983-01-01,NA,NA,NA,232.4,NA,NA,NA,NA
Italy,1984-01-01,NA,NA,NA,286.7,NA,NA,NA,NA
Italy,1985-01-01,NA,NA,NA,347.6,NA,NA,NA,NA
Italy,1986-01-01,NA,NA,NA,404.3,NA,NA,NA,NA
Italy,1987-01-01,NA,NA,NA,463.1,NA,NA,NA,NA
Italy,1988-01-01,NA,NA,NA,524.5,NA,NA,NA,NA
Italy,1989-01-01,NA,NA,NA,591.6,NA,NA,NA,NA
Italy,1990-01-01,NA,NA,NA,667.8,NA,NA,NA,NA
Italy,1991-01-01,NA,NA,NA,755,NA,NA,NA,NA
Italy,1992-01-01,NA,NA,NA,849.9,NA,NA,NA,NA
Italy,1993-01-01,NA,NA,NA,959.7,NA,NA,NA,NA
Italy,1994-01-01,NA,NA,NA,1069.4,NA,NA,NA,NA
Italy,1995-01-01,438.289,509.592,109.776,1179.6,38.87,10.2650505,-71.303,38.473
Italy,1996-01-01,468.772,538.01,115.57,1245.7,-3.1,9.7974828,-69.238,46.331999999999994
Italy,1997-01-01,507.513,540.15,99.866,1275.7,-2.69,8.0166559,-32.637,67.229
Italy,1998-01-01,513.774,547.851,89.383,1299.7,-10.01,7.0067071,-34.077,55.306
Italy,1999-01-01,533.453,554.351,74.997,1331.3,10.68,5.7701483,-20.898000000000025,54.098999999999975
Italy,2000-01-01,547.045,577.169,75.961,1353.6,-7.88,5.705688,-30.124000000000024,45.836999999999975
Italy,2001-01-01,575.153,616.778,79.082,1420,24.83,5.8424788,-41.625,37.456999999999994
Italy,2002-01-01,591.19,630.226,73.477,1436.1,-22.92,5.1743397,-39.035999999999945,34.44100000000006
Italy,2003-01-01,612.124,657.271,69.138,1471.3,-9.96,4.8141486,-45.146999999999935,23.99100000000007
Italy,2004-01-01,629.663,680.101,66.749,1526.4,4.64,4.536657,-50.43799999999999,16.311000000000007
Italy,2005-01-01,643.925,705.365,67.224,1591.6,3.74,4.4040866,-61.440000000000055,5.783999999999949
Italy,2006-01-01,685.63,741.87,68.871,1657.3,9.51,4.3272078,-56.24000000000001,12.630999999999986
Italy,2007-01-01,734.222,755.725,76.677,1677.7,-1.18,4.6265261,-21.503000000000043,55.173999999999964
Italy,2008-01-01,742.417,784.89,80.678,1738.7,18.56,4.8089615,-42.472999999999956,38.20500000000004
Italy,2009-01-01,728.627,808.728,69.499,1839.3,20.53,3.9971894,-80.101,-10.602000000000004
Italy,2010-01-01,738.388,805.717,68.857,1920.8,14.12,3.7436014,-67.32899999999995,1.5280000000000484
Italy,2011-01-01,754.137,812.549,76.566,1973.7,-5.51,3.9862043,-58.412000000000035,18.153999999999968
Italy,2012-01-01,775.551,824.301,83.582,2055,32.56,4.2348305999999996,-48.75,34.831999999999994
Italy,2013-01-01,778.629,825.233,77.659,2136.5,34.9,3.7790507,-46.60399999999993,31.055000000000078
Italy,2014-01-01,783.525,829.632,74.442,2203.3,20.66,3.4843155,-46.10699999999997,28.335000000000022
Italy,2015-01-01,794.792,835.694,68.116,2239.7,-4.47,3.0916138,-40.90199999999993,27.21400000000007
Italy,2016-01-01,794.041,835.037,66.258,2286,5.31,2.9583704,-40.99599999999998,25.262000000000015
Italy,2017-01-01,807.248,851.015,65.333,2330.2,0.47,2.8579755,-43.76699999999994,21.56600000000006
Italy,2018-01-01,820.05,859.018,64.366,2382,12.79,2.7622202,-38.968000000000075,25.397999999999925
Italy,2019-01-01,847.437,873.598,60.214,2410.9,2.8,2.5278962,-26.160999999999945,34.053000000000054
Italy,2020-01-01,791.669,948.296,57.126,2576.6,9.06,2.3694492,-156.62700000000007,-99.50100000000006
Italy,2021-01-01,869.213,1032.343,62.994,2685.2,-54.59,2.4448224,-163.1300000000001,-100.13600000000011
Italy,2022-01-01,934.972,1096.547,81.845,2762.9,-83.84,3.0480342,-161.57500000000005,-79.73000000000005
Italy,2023-01-01,992.119,1144.854,77.998,2868.4,-47.23,2.8230398,-152.735,-74.73700000000001
Italy,2024-01-01,1021.87,1104.088,85.0281,2972.4,21.75,2.9642931,-82.21799999999996,2.810100000000034
Italy,2025-01-01,1069.544,1145.076,87.6979,3097.4,49.46,2.9504244,-75.53199999999993,12.165900000000079
Italy,2026-01-01,1100.602,1167.955,92.5331,3215.6,50.92,2.9874706,-67.35299999999984,25.180100000000166
Spain,1960-01-01,NA,NA,NA,NA,NA,NA,NA,NA
Spain,1961-01-01,NA,NA,NA,NA,NA,NA,NA,NA
Spain,1962-01-01,NA,NA,NA,NA,NA,NA,NA,NA
Spain,1963-01-01,NA,NA,NA,NA,NA,NA,NA,NA
Spain,1964-01-01,NA,NA,NA,NA,NA,NA,NA,NA
Spain,1965-01-01,NA,NA,NA,NA,NA,NA,NA,NA
Spain,1966-01-01,NA,NA,NA,NA,NA,NA,NA,NA
Spain,1967-01-01,NA,NA,NA,NA,NA,NA,NA,NA
Spain,1968-01-01,NA,NA,NA,NA,NA,NA,NA,NA
Spain,1969-01-01,NA,NA,NA,NA,NA,NA,NA,NA
Spain,1970-01-01,NA,NA,NA,NA,NA,NA,NA,NA
Spain,1971-01-01,NA,NA,NA,NA,NA,NA,NA,NA
Spain,1972-01-01,NA,NA,NA,NA,NA,NA,NA,NA
Spain,1973-01-01,NA,NA,NA,NA,NA,NA,NA,NA
Spain,1974-01-01,NA,NA,NA,NA,NA,NA,NA,NA
Spain,1975-01-01,NA,NA,NA,NA,NA,NA,NA,NA
Spain,1976-01-01,NA,NA,NA,NA,NA,NA,NA,NA
Spain,1977-01-01,NA,NA,NA,NA,NA,NA,NA,NA
Spain,1978-01-01,NA,NA,NA,NA,NA,NA,NA,NA
Spain,1979-01-01,NA,NA,NA,NA,NA,NA,NA,NA
Spain,1980-01-01,NA,NA,NA,NA,NA,NA,NA,NA
Spain,1981-01-01,NA,NA,NA,NA,NA,NA,NA,NA
Spain,1982-01-01,NA,NA,NA,NA,NA,NA,NA,NA
Spain,1983-01-01,NA,NA,NA,NA,NA,NA,NA,NA
Spain,1984-01-01,NA,NA,NA,NA,NA,NA,NA,NA
Spain,1985-01-01,NA,NA,NA,NA,NA,NA,NA,NA
Spain,1986-01-01,NA,NA,NA,NA,NA,NA,NA,NA
Spain,1987-01-01,NA,NA,NA,NA,NA,NA,NA,NA
Spain,1988-01-01,NA,NA,NA,NA,NA,NA,NA,NA
Spain,1989-01-01,NA,NA,NA,NA,NA,NA,NA,NA
Spain,1990-01-01,NA,NA,NA,NA,NA,NA,NA,NA
Spain,1991-01-01,NA,NA,NA,NA,NA,NA,NA,NA
Spain,1992-01-01,NA,NA,NA,NA,NA,NA,NA,NA
Spain,1993-01-01,NA,NA,NA,NA,NA,NA,NA,NA
Spain,1994-01-01,NA,NA,NA,NA,NA,NA,NA,NA
Spain,1995-01-01,171.795,203.062,22.74,283.5,NA,NA,-31.267000000000024,-8.527000000000026
Spain,1996-01-01,180.897,209.578,24.6,320,7.84,8.678565,-28.68100000000001,-4.08100000000001
Spain,1997-01-01,195.271,215.299,23.543,333.6,-6.38,7.3577393,-20.02800000000002,3.5149999999999793
Spain,1998-01-01,213.003,227.597,22.589,346.4,-1.8,6.770735,-14.594000000000023,7.994999999999976
Spain,1999-01-01,230.397,237.779,20.307,362.2,8.42,5.8620102,-7.382000000000005,12.924999999999994
Spain,2000-01-01,245.747,253.267,20.485,374.6,4.81,5.655356,-7.519999999999982,12.965000000000018
Spain,2001-01-01,266.006,269.195,20.815,378.9,1.14,5.5572316,-3.1890000000000214,17.62599999999998
Spain,2002-01-01,287.171,289.527,19.712,384.1,2.91,5.2026615,-2.3559999999999945,17.356000000000005
Spain,2003-01-01,304.787,307.796,18.459,382.8,-4.38,4.8052168,-3.0090000000000146,15.449999999999985
Spain,2004-01-01,332.725,333.666,17.104,389.9,6.17,4.4684214,-0.9409999999999741,16.163000000000025
Spain,2005-01-01,368.206,356.785,16.201,393.5,15.01,4.1552959,11.420999999999992,27.621999999999993
Spain,2006-01-01,407.079,385.757,16.168,392.1,19.98,4.1089868,21.322000000000003,37.49
Spain,2007-01-01,442.451,422.164,17.009,384.7,12.82,4.33757,20.287000000000035,37.296000000000035
Spain,2008-01-01,409.082,459.813,17.542,440.6,5.23,4.5603673,-50.730999999999995,-33.18899999999999
Spain,2009-01-01,373.777,494.353,18.355,569.5,8.34,4.1657116,-120.57600000000002,-102.22100000000002
Spain,2010-01-01,391.624,493.817,20.437,649.2,-22.57,3.5883659,-102.19299999999998,-81.75599999999999
Spain,2011-01-01,387.333,490.908,26.562,743,-9.69,4.0917935,-103.57499999999999,-77.01299999999999
Spain,2012-01-01,390.842,509.936,31.353,927.8,65.68,4.2195405,-119.094,-87.74099999999999
Spain,2013-01-01,396.593,473.398,36.553,1025.7,21.04,3.9396947,-76.805,-40.25200000000001
Spain,2014-01-01,405.125,467.841,36.706,1084.8,-3.52,3.5787862,-62.71600000000001,-26.010000000000005
Spain,2015-01-01,417.645,474.893,33.368,1113.7,-28.43,3.0758283,-57.24799999999999,-23.87999999999999
Spain,2016-01-01,425.316,472.717,31.226,1145.1,-16.01,2.8039053,-47.40100000000001,-16.17500000000001
Spain,2017-01-01,444.005,479.908,29.613,1183.4,2.46,2.5861753,-35.90300000000002,-6.2900000000000205
Spain,2018-01-01,472.25,503.193,29.593,1208.9,-5.49,2.5006507,-30.942999999999984,-1.3499999999999837
Spain,2019-01-01,488.347,526.769,28.231,1223.4,-23.93,2.3353388,-38.422000000000025,-10.191000000000024
Spain,2020-01-01,468.267,580.164,25.127,1346.9,11.66,2.0539418,-111.89699999999999,-86.77
Spain,2021-01-01,528.95,611.124,26.17,1429.4,0.31,1.9429571,-82.17399999999998,-56.00399999999998
Spain,2022-01-01,574.012,637.117,31.775,1504.1,11.6,2.2229545,-63.10500000000002,-31.33000000000002
Spain,2023-01-01,628.283,680.952,35.707,1575.4,18.6,2.3739699,-52.66899999999998,-16.961999999999982
Spain,2024-01-01,674.8194,722.0429,39.84901,1625.8,3.18,2.5294953,-47.22350000000006,-7.374490000000058
Spain,2025-01-01,713.5183,757.3324,42.31965,1687.9,18.34,2.6030412,-43.81410000000005,-1.4944500000000502
Spain,2026-01-01,743.6719,790.1031,44.85883,1755.2,20.82,2.6576274,-46.43119999999999,-1.5723699999999923
Netherlands,1960-01-01,NA,NA,NA,NA,NA,NA,NA,NA
Netherlands,1961-01-01,NA,NA,NA,NA,NA,NA,NA,NA
Netherlands,1962-01-01,NA,NA,NA,NA,NA,NA,NA,NA
Netherlands,1963-01-01,NA,NA,NA,NA,NA,NA,NA,NA
Netherlands,1964-01-01,NA,NA,NA,NA,NA,NA,NA,NA
Netherlands,1965-01-01,NA,NA,NA,NA,NA,NA,NA,NA
Netherlands,1966-01-01,NA,NA,NA,NA,NA,NA,NA,NA
Netherlands,1967-01-01,NA,NA,NA,NA,NA,NA,NA,NA
Netherlands,1968-01-01,NA,NA,NA,NA,NA,NA,NA,NA
Netherlands,1969-01-01,NA,NA,NA,NA,NA,NA,NA,NA
Netherlands,1970-01-01,NA,NA,NA,NA,NA,NA,NA,NA
Netherlands,1971-01-01,NA,NA,NA,NA,NA,NA,NA,NA
Netherlands,1972-01-01,NA,NA,NA,NA,NA,NA,NA,NA
Netherlands,1973-01-01,NA,NA,NA,NA,NA,NA,NA,NA
Netherlands,1974-01-01,NA,NA,NA,NA,NA,NA,NA,NA
Netherlands,1975-01-01,NA,NA,NA,NA,NA,NA,NA,NA
Netherlands,1976-01-01,NA,NA,NA,NA,NA,NA,NA,NA
Netherlands,1977-01-01,NA,NA,NA,NA,NA,NA,NA,NA
Netherlands,1978-01-01,NA,NA,NA,NA,NA,NA,NA,NA
Netherlands,1979-01-01,NA,NA,NA,NA,NA,NA,NA,NA
Netherlands,1980-01-01,NA,NA,NA,NA,NA,NA,NA,NA
Netherlands,1981-01-01,NA,NA,NA,NA,NA,NA,NA,NA
Netherlands,1982-01-01,NA,NA,NA,NA,NA,NA,NA,NA
Netherlands,1983-01-01,NA,NA,NA,NA,NA,NA,NA,NA
Netherlands,1984-01-01,NA,NA,NA,NA,NA,NA,NA,NA
Netherlands,1985-01-01,NA,NA,NA,NA,NA,NA,NA,NA
Netherlands,1986-01-01,NA,NA,NA,NA,NA,NA,NA,NA
Netherlands,1987-01-01,NA,NA,NA,NA,NA,NA,NA,NA
Netherlands,1988-01-01,NA,NA,NA,NA,NA,NA,NA,NA
Netherlands,1989-01-01,NA,NA,NA,NA,NA,NA,NA,NA
Netherlands,1990-01-01,NA,NA,NA,NA,NA,NA,NA,NA
Netherlands,1991-01-01,NA,NA,NA,NA,NA,NA,NA,NA
Netherlands,1992-01-01,NA,NA,NA,NA,NA,NA,NA,NA
Netherlands,1993-01-01,NA,NA,NA,NA,NA,NA,NA,NA
Netherlands,1994-01-01,NA,NA,NA,NA,NA,NA,NA,NA
Netherlands,1995-01-01,152.021,180.812,17.633,241.1,NA,NA,-28.791000000000025,-11.158000000000026
Netherlands,1996-01-01,159.58,166.162,17.248,246.1,-1.59,7.1549464,-6.581999999999994,10.666000000000007
Netherlands,1997-01-01,165.801,171.721,17.185,242.9,-9.08,6.984296,-5.920000000000016,11.264999999999983
Netherlands,1998-01-01,173.893,179.165,17.207,247.5,-0.64,7.0841893,-5.271999999999991,11.93500000000001
Netherlands,1999-01-01,187.21,186.022,16.97,246.2,-0.09,6.8558731,1.1880000000000166,18.158000000000015
Netherlands,2000-01-01,200.529,195.393,15.549,235.9,-5.23,6.314366,5.135999999999996,20.684999999999995
Netherlands,2001-01-01,210.599,212.858,14.539,238.7,0.54,6.1637534,-2.2590000000000146,12.279999999999985
Netherlands,2002-01-01,213.99,225.205,13.546,244.9,-4.98,5.6753575,-11.215000000000003,2.330999999999996
Netherlands,2003-01-01,219.143,235.578,12.748,256.5,-4.87,5.2050499,-16.435000000000002,-3.687000000000003
Netherlands,2004-01-01,227.769,237.47,12.808,266.3,0.15,4.9937033,-9.700999999999993,3.1070000000000064
Netherlands,2005-01-01,237.32,240.167,12.46,274.3,5.1,4.6783714,-2.8470000000000084,9.612999999999992
Netherlands,2006-01-01,258.423,258.252,12.253,264.2,-9.95,4.4673815,0.17099999999999227,12.423999999999992
Netherlands,2007-01-01,267.848,269.466,12.875,266.2,0.45,4.8739954,-1.617999999999995,11.257000000000005
Netherlands,2008-01-01,288.237,288.26,13.931,354,87.79,5.2328704,-0.022999999999967713,13.908000000000031
Netherlands,2009-01-01,273.028,305.176,13.249,354.8,-31.42,3.7422748,-32.14799999999997,-18.898999999999965
Netherlands,2010-01-01,280.291,314.223,12.086,378.8,-9.93,3.4067814,-33.932000000000016,-21.846000000000018
Netherlands,2011-01-01,284.421,313.416,12.184,401.3,-6.45,3.2167958,-28.995000000000005,-16.811000000000007
Netherlands,2012-01-01,288.342,313.598,11.454,432.5,5.9,2.8542024,-25.25600000000003,-13.802000000000028
Netherlands,2013-01-01,297.383,316.425,11.176,447.1,-4.42,2.5842733,-19.04200000000003,-7.86600000000003
Netherlands,2014-01-01,301.973,317.186,10.309,455.9,-6.41,2.305841,-15.212999999999965,-4.903999999999966
Netherlands,2015-01-01,303.955,316.389,9.371,446.1,-22.18,2.0555577,-12.434000000000026,-3.0630000000000255
Netherlands,2016-01-01,317.914,316.279,8.556,438.5,-5.98,1.9177665,1.634999999999991,10.19099999999999
Netherlands,2017-01-01,330.943,321.059,7.654,420.4,-8.21,1.7453686,9.883999999999958,17.537999999999958
Netherlands,2018-01-01,345.746,334.143,7.13,405.9,-2.94,1.6958425,11.603000000000009,18.733000000000008
Netherlands,2019-01-01,364.103,349.318,6.446,394.8,3.71,1.5880798,14.785000000000025,21.231000000000023
Netherlands,2020-01-01,360.92,390.377,5.659,435.6,11.28,1.4332932,-29.456999999999994,-23.797999999999995
Netherlands,2021-01-01,389.572,409.171,4.841,449.6,-5.54,1.11143,-19.59899999999999,-14.757999999999988
Netherlands,2022-01-01,429.861,429.746,5.65,480.5,30.96,1.2566167,0.1150000000000091,5.7650000000000095
Netherlands,2023-01-01,457.397,461.217,7.309,481.5,-2.82,1.5212346,-3.819999999999993,3.489000000000007
Netherlands,2024-01-01,488.2404,490.4609,8.55153,489.8,6.14,1.7761367,-2.2204999999999586,6.331030000000041
Netherlands,2025-01-01,504.2586,526.4638,9.38958,524.5,12.5,1.9169116,-22.20519999999999,-12.81561999999999
Netherlands,2026-01-01,523.5806,553.0212,10.0938,571.9,17.89,1.9243305,-29.440600000000018,-19.346800000000016
