Country,Year,Revenue_Total,Expenditure_Interest,Total_Debt,Expenditure_Total,SFA,IR,Surplus,Primary_Surplus
Germany,1991,689.615,42.65,583.51,740.701,NA,NA,-51.08600000000001,-8.436000000000014
Germany,1992,764.679,52.77,674.99,809.677,46.48199999999997,9.043546811537077,-44.99800000000005,7.771999999999956
Germany,1993,794.517,55.756,783.51,849.172,53.86500000000001,8.26027052252626,-54.65499999999997,1.1010000000000275
Germany,1994,841.289,60.789,831.58,888.016,1.3430000000000746,7.758548072136922,-46.726999999999975,14.062000000000026
Germany,1995,870.238,66.581,1030.294,1049.529,19.42300000000023,8.006565814473653,-179.29099999999994,-112.70999999999994
Germany,1996,885.563,66.769,1105.731,955.732,5.267999999999915,6.480577388590053,-70.16899999999998,-3.3999999999999773
Germany,1997,899.509,66.801,1154.6,959.059,-10.68100000000004,6.041342785903624,-59.549999999999955,7.251000000000047
Germany,1998,923.01,67.765,1236.273,976.591,28.091999999999985,5.869132166984238,-53.58100000000002,14.183999999999983
Germany,1999,968.416,64.274,1269.427,1007.188,-5.617999999999938,5.199013486503386,-38.771999999999935,25.502000000000066
Germany,2000,986.936,67.54,1334.942,1023.444,29.007000000000062,5.3205107501258455,-36.507999999999925,31.03200000000008
Germany,2001,977.627,66.201,1346.328,1046.229,-57.21600000000012,4.959091855676126,-68.60200000000009,-2.4010000000000957
Germany,2002,981.788,66.135,1425.025,1072.639,-12.153999999999769,4.912250209458617,-90.85099999999989,-24.71599999999988
Germany,2003,1001.289,65.075,1496.074,1087.101,-14.763000000000147,4.566586551113138,-85.81200000000013,-20.737000000000123
Germany,2004,998.635,63.816,1574.005,1077.079,-0.51299999999992,4.265564403899806,-78.44399999999996,-14.627999999999957
Germany,2005,1011.597,63.494,1651.476,1089.992,-0.9239999999999782,4.033913488203659,-78.39499999999998,-14.900999999999982
Germany,2006,1056.69,65.218,1658.161,1099.274,-35.89899999999989,3.949073434915191,-42.58399999999983,22.63400000000017
Germany,2007,1110.816,67.686,1671.273,1106.88,17.047999999999774,4.081992038167584,3.935999999999922,71.62199999999993
Germany,2008,1143.471,69.096,1818.691,1150.28,140.60900000000015,4.134333528992571,-6.808999999999969,62.287000000000035
Germany,2009,1125.612,65.189,1915.338,1204.818,17.44100000000003,3.5843911912468913,-79.2059999999999,-14.01699999999991
Germany,2010,1143.087,63.851,2247.051,1258.706,216.09400000000005,3.333667478011714,-115.61899999999991,-51.767999999999915
Germany,2011,1220.989,67.98,2333.568,1244.063,63.44300000000021,3.025298491222496,-23.07400000000007,44.905999999999935
Germany,2012,1260.986,64.185,2446.682,1262.507,111.59299999999962,2.750509091657068,-1.5209999999999582,62.664000000000044
Germany,2013,1298.112,51.902,2377.131,1294.6,-66.03899999999976,2.1213218554761104,3.512000000000171,55.41400000000017
Germany,2014,1350.164,47.547,2469.915,1328.332,114.61599999999999,2.0001842557267566,21.83199999999988,69.37899999999988
Germany,2015,1401.532,42.913,2426.221,1373.294,-15.456000000000131,1.7374282110922845,28.23799999999983,71.15099999999983
Germany,2016,1465.493,37.888,2425.519,1429.256,35.53499999999963,1.561605476170555,36.23699999999985,74.12499999999986
Germany,2017,1529.123,34.489,2396.376,1484.552,15.428000000000566,1.4219224833942756,44.57100000000014,79.06000000000014
Germany,2018,1597.996,31.787,2362.967,1533.329,31.258000000000038,1.3264612898810535,64.66700000000014,96.45400000000015
Germany,2019,1657.565,28.052,2387.712,1610.615,71.69499999999994,1.1871515768100018,46.950000000000045,75.00200000000004
Germany,2020,1612.652,22.39,2778.214,1763.785,239.36899999999991,0.9377177817090169,-151.13300000000004,-128.74300000000005
Germany,2021,1747.866,21.734,2865.298,1864.302,-29.35200000000009,0.782301147427808,-116.43599999999992,-94.70199999999991
Germany,2022,1852.59,27.871,2532.29,1937.464,-417.88199999999983,0.9727085978491592,-84.87400000000002,-57.00300000000003
Germany,2023,1917.448,36.567,2700.24990660616,2024.97,60.43790660616037,1.4440289224377936,-107.52199999999993,-70.95499999999993
Germany,2024,2006.1298178351499,44.6206387484164,2851.67074517617,2105.74952441351,51.80113199164998,1.652463301239342,-99.61970657835991,-54.99906782994351
France,1961,19.954727664736,0.537269826034793,NA,NA,NA,NA,NA,NA
France,1962,22.439492807541402,0.6169714344189989,NA,NA,NA,NA,NA,NA
France,1963,25.761108329413798,0.6203293708317159,NA,NA,NA,NA,NA,NA
France,1964,29.1796041437066,0.5905029944599319,NA,NA,NA,NA,NA,NA
France,1965,31.7953642960662,0.663291204347366,NA,NA,NA,NA,NA,NA
France,1966,34.3295652514124,0.657365434207276,NA,NA,NA,NA,NA,NA
France,1967,36.969304616808195,0.8972603620452381,NA,NA,NA,NA,NA,NA
France,1968,41.027488538473804,1.06288563746074,NA,NA,NA,NA,NA,NA
France,1969,47.7986770416499,1.1952278372560798,55.0624645944826,NA,NA,NA,NA,NA
France,1970,52.8818126007233,1.14515507957232,56.6779892280615,NA,NA,2.0797381446799013,NA,NA
France,1971,57.9924097376892,1.10150190620699,59.2359032312282,NA,NA,1.9434385750255796,NA,NA
France,1972,65.06324203357039,0.988122170859945,62.0630713399913,NA,NA,1.6681136219073016,NA,NA
France,1973,74.3791495063309,1.04026894809273,65.5633747127457,NA,NA,1.6761480307572476,NA,NA
France,1974,87.7422008198066,1.33833518613924,71.48696503586861,NA,NA,2.041284775231474,NA,NA
France,1975,102.271666172181,2.24942234517802,81.1801128373423,NA,NA,3.14661888926096,NA,NA
France,1976,123.27603332011,2.36616001693779,88.9884818996405,NA,NA,2.914704025699965,NA,NA
France,1977,138.185182781741,3.0105875196725402,98.81625675391251,NA,NA,3.383120439191021,NA,NA
France,1978,157.11709556687,3.72424777021066,116.428265687632,NA,NA,3.768861412637149,NA,NA
France,1979,186.50556706159298,4.62397720314761,133.662260722608,NA,NA,3.9715245914195627,NA,NA
France,1980,214.502043584215,5.651209456932141,149.143646108293,NA,NA,4.227976862264966,NA,NA
France,1981,244.558399954131,8.84944636437419,163.439442540645,NA,NA,5.933505446117777,NA,NA
France,1982,287.299675700854,10.4745888252938,212.924891972315,NA,NA,6.408850068543842,NA,NA
France,1983,322.45695240540005,14.5530001242105,243.320641935016,NA,NA,6.834804512242146,NA,NA
France,1984,356.59357824453497,16.6854872719574,278.132281024318,NA,NA,6.8574072217077315,NA,NA
France,1985,383.24746317109805,19.3444790966513,311.569324261635,NA,NA,6.9551362486255055,NA,NA
France,1986,406.632698530131,20.9849297970994,342.49773014234,NA,NA,6.735236161913573,NA,NA
France,1987,430.252628371475,21.187196084547796,373.28867634767903,NA,NA,6.1860836495887215,NA,NA
France,1988,455.386703053726,22.0022857673172,400.316666687164,NA,NA,5.894174444987555,NA,NA
France,1989,488.37536095126,24.517775191785198,430.128213395865,NA,NA,6.1245951597976145,NA,NA
France,1990,518.126525057849,28.1579757888422,449.176674950953,NA,NA,6.546414513601608,NA,NA
France,1991,540.687601910096,30.5768751600268,476.949696160612,NA,NA,6.807315888200469,NA,NA
France,1992,557.278854594594,33.6787195398567,547.220580612489,NA,NA,7.061272878663381,NA,NA
France,1993,570.40338710354,36.778983714315906,640.921107316939,NA,NA,6.72105271938972,NA,NA
France,1994,593.902735812626,39.1301317802322,712.010735418505,NA,NA,6.105296164147412,NA,NA
France,1995,618.3317,41.9826,838.599,680.3704,64.54956458149502,5.8963436801726745,-62.03870000000006,-20.056100000000065
France,1996,649.9395,45.0734,922.65,698.5235,35.46699999999987,5.3748454267176555,-48.58400000000006,-3.5106000000000606
France,1997,668.7814,45.7963,987.8,716.6467,17.28469999999993,4.963561480518074,-47.86530000000005,-2.0690000000000452
France,1998,694.5214,45.5858,1056.933,726.7161,36.93830000000003,4.614881554970642,-32.19470000000001,13.391099999999987
France,1999,727.0447,42.9433,1048.138,748.589,-30.339300000000094,4.0630106165669915,-21.54430000000002,21.39899999999998
France,2000,756.0065,43.6059,1081.878,775.348699999999,14.397800000000984,4.1603204921489345,-19.342199999999025,24.263700000000973
France,2001,786.539,46.7064,1111.179,808.225600000001,7.6143999999991365,4.317159605796587,-21.68660000000102,25.01979999999898
France,2002,800.9865,47.7935,1204.842,851.1074,43.542100000000005,4.301152199600605,-50.120900000000006,-2.3274000000000044
France,2003,815.4686,46.6581,1301.302,881.7856,30.1429999999998,3.8725492637208854,-66.31700000000001,-19.65890000000001
France,2004,855.6066,47.5106,1385.396,915.9064,23.794200000000046,3.651004916614283,-60.299800000000005,-12.789200000000008
France,2005,894.3411,47.8451,1464.489,956.1425,17.291600000000017,3.4535324196114328,-61.80140000000006,-13.956300000000056
France,2006,943.1782,48.0601,1446.692,992.240799999999,-66.85959999999909,3.2816975750586037,-49.062599999999065,-1.002499999999067
France,2007,981.3519,52.0952,1500.959,1039.2876,-3.6687000000001717,3.6009876324746384,-57.93570000000011,-5.840500000000112
France,2008,1010.5304,57.1693,1663.682,1080.2205,93.03290000000015,3.808851540914841,-69.69009999999992,-12.520799999999916
France,2009,979.7734,49.2815,1899.337,1122.6073,92.82110000000011,2.9621946982656544,-142.83389999999986,-93.55239999999986
France,2010,1009.2013,50.7079,2022.365,1151.9618,-19.732500000000073,2.6697684507804564,-142.7605000000001,-92.0526000000001
France,2011,1066.3192,55.9957,2135.437,1175.7047,3.6864999999997963,2.768822640819041,-109.38550000000009,-53.38980000000009
France,2012,1100.9659,54.9408,2329.887,1208.9531,86.46280000000024,2.5728129652150824,-107.98720000000003,-53.04640000000003
France,2013,1137.6462,49.426,2395.961,1242.358,-38.637800000000425,2.1213904365319003,-104.71180000000004,-55.28580000000004
France,2014,1159.1451,47.3158,2605.139,1257.6491,110.6740000000002,1.9748151159388656,-98.50400000000013,-51.18820000000013
France,2015,1182.3268,44.7074,2675.807,1268.0078,-15.013000000000375,1.7161234007091366,-85.68100000000004,-40.97360000000004
France,2016,1196.6229,42.4307,2787.838,1280.6481,28.005800000000363,1.5857160101606733,-84.02520000000004,-41.59450000000004
France,2017,1244.3869,41.0201,2863.171,1321.4446,-1.724700000000439,1.471394679317808,-77.05770000000007,-36.03760000000007
France,2018,1273.0161,41.6606,2892.366,1327.6323,-25.42119999999977,1.455051060519962,-54.616199999999935,-12.955599999999933
France,2019,1287.9292,36.8682,2988.6970000000097,1346.1547,38.10550000000967,1.274672707395952,-58.22550000000001,-21.35730000000001
France,2020,1223.2726,29.7241,3352.177,1430.357,156.3955999999905,0.9945504679798555,-207.08439999999996,-177.36029999999997
France,2021,1326.2748,34.7999,3428.603,1491.4241,-88.72330000000011,1.038128356587376,-165.14930000000004,-130.34940000000003
France,2022,1424.9695,50.9131,3064.6,1550.7431,-489.77660000000014,1.4849517427360357,-125.77359999999999,-74.86049999999999
France,2023,1455.038,52.7941,3300.685,1609.8829,81.24009999999998,1.7227076943157345,-154.84490000000005,-102.05080000000005
France,2024,1501.56259092397,60.9348123593422,3526.61228320973,1679.274393721,48.21548041269989,1.846126254378779,-177.71180279703003,-116.77699043768783
Italy,1961,4.0503965413789,0.159428116310381,6.2644878911397,4.1618981469823,NA,NA,-0.11150160560339994,0.04792651070698106
Italy,1962,4.68908364582363,0.17175722397171803,7.1443017068215,4.8471751241909,0.7217223373145298,2.7417600122532955,-0.15809147836727,0.013665745604448026
Italy,1963,5.46624598263612,0.17898463191112102,8.65206868162753,5.67249777891659,1.3015151785255599,2.5052781819141745,-0.20625179628046997,-0.02726716436934895
Italy,1964,6.1957090623698905,0.18493661492004299,9.7599644020917,6.352230095587809,0.9513746872462523,2.1374843603906157,-0.15652103321791877,0.028415581702124215
Italy,1965,6.54573905523551,0.205343413807771,11.109044604847,7.33096162990734,0.5638576280834693,2.1039360939038154,-0.7852225746718302,-0.5798791608640592
Italy,1966,7.09071385075675,0.260186685818543,12.265953670806999,7.92985504222272,0.31776787449403,2.342115772089173,-0.8391411914659699,-0.5789545056474269
Italy,1967,8.05581928888242,0.32140708248172895,13.8494244267748,8.60233420085401,1.0369558439962105,2.620318738417206,-0.54651491197159,-0.22510782948986102
Italy,1968,8.89175480004631,0.352867564100311,15.7784150044555,9.62934053852139,1.191404839205621,2.547886130329861,-0.7375857384750795,-0.38471817437476846
Italy,1969,9.53953241057082,0.406860552824094,17.5424101616554,10.451437560622999,0.8520900071477211,2.5785895016020617,-0.9119051500521795,-0.5050445972280855
Italy,1970,10.7217810608843,0.472757507565718,19.903785797125703,11.8812930628163,1.201863633538304,2.6949404512219317,-1.1595120019319989,-0.6867544943662809
Italy,1971,11.904766762249599,0.590946884457147,23.371601311114702,13.754227666459999,1.6183546097785992,2.9690175049134893,-1.8494609042103995,-1.2585140197532525
Italy,1972,12.945138195347601,0.728267635305823,28.299626296359403,15.8787297343216,1.9944334462706994,3.1160365334466182,-2.9335915389739995,-2.2053239036681767
Italy,1973,15.2639227732332,0.9646463890886801,36.4144893001271,18.548770543943803,4.830015233057097,3.4086894964149286,-3.284847770710604,-2.320201381621924
Italy,1974,19.079175666949798,1.44633187116778,45.7954495157613,23.155004311213002,5.305131571370993,3.9718581777905966,-4.075828644263204,-2.629496773095424
Italy,1975,21.9601248137187,2.1189059511758397,61.43992706123829,29.6212797339335,7.983322625262197,4.626891915203456,-7.661154920214798,-5.542248969038958
Italy,1976,28.916321104148,3.01085311922699,76.94561434125191,36.2916550071823,8.130353376979315,4.900482899704647,-7.375333903034299,-4.364480783807309
Italy,1977,36.636664529309094,3.97805035817664,97.5501453947727,44.5490906734189,12.692104909410979,5.1699507401865485,-7.9124261441098085,-3.9343757859331685
Italy,1978,44.2662130944244,5.54299674787935,121.673931711021,55.601686182387,12.788313228285702,5.682202446185566,-11.335473087962598,-5.7924763400832475
Italy,1979,53.333373079923,6.69257975188807,146.61104839410999,66.8067454978588,11.463744265153196,5.500422035989709,-13.4733724179358,-6.780792666047729
Italy,1980,70.5932636042257,9.00152401770589,178.64442399982102,84.84400637108651,17.78263283885022,6.13973102048121,-14.25074276686081,-5.24921874915492
Italy,1981,84.31721479786749,12.406965626537001,224.364655015069,110.95990779678101,19.077538016334472,6.945061787402573,-26.642692998913517,-14.235727372376516
Italy,1982,108.26072594415801,18.887902945516203,275.67434853943104,137.212827849955,22.357591618565067,8.418395020484681,-28.952101905796994,-10.064198960280791
Italy,1983,133.270239188335,26.148712388655103,269.128397872177,167.322956323575,-40.59866780249402,9.485362902713062,-34.05271713523999,-7.904004746584885
Italy,1984,147.97999472897,32.0897382370622,318.72650654937405,192.193708718446,5.384394687721056,11.9235794107106,-44.21371398947599,-12.123975752413791
Italy,1985,165.246763201346,36.1940652494672,386.270778887755,218.767515786373,14.023519753353952,11.355837843960543,-53.520752585027,-17.326687335559797
Italy,1986,187.67555800897298,41.703161921416495,446.225747164666,244.808282451411,2.8222438344729994,10.796354319500534,-57.13272444243802,-15.429562521021523
Italy,1987,204.143014367006,41.0512688125034,506.447619798237,264.32544604187797,0.03944095869900366,9.199663863715752,-60.182431674871964,-19.131162862368562
Italy,1988,233.136654882299,47.8831485873545,576.70558152288,297.294166696544,6.100449910398083,9.454708979860662,-64.15751181424497,-16.274363226890472
Italy,1989,261.394839996978,58.0894750532816,612.70612642986,334.28002649982,-36.884641595862036,10.072639647406808,-72.88518650284198,-14.795711449560372
Italy,1990,298.008758044992,70.7154047762173,691.518130145139,378.738491614375,-1.917729854103925,11.541488117356453,-80.72973356938297,-10.014328793165674
Italy,1991,334.275485869342,86.89875118858949,776.9449943797559,421.99983160704403,-2.2974815030851232,12.566373519426133,-87.72434573770204,-0.8255945491125516
Italy,1992,371.516257232942,98.5178460025137,869.15850848327,455.574315746957,8.15545558949907,12.680157117320977,-84.05805851401499,14.45978748849872
Italy,1993,393.61078699084004,105.02277938685201,973.658843325475,477.324848185101,20.78627364794403,12.083271159609609,-83.71406119426098,21.30871819259103
Italy,1994,400.460581856872,99.6876541887534,1072.6832713303102,480.64816760360304,18.836842258104127,10.238458251791359,-80.18758574673103,19.500068442022368
Italy,1995,438.289,109.776,1174.121,509.592,30.134728669689935,10.233775703788037,-71.303,38.473
Italy,1996,468.772,115.57,1305.748,538.01,62.388999999999896,9.843108163468669,-69.238,46.331999999999994
Italy,1997,507.513,99.8659999999999,1384.062,540.15,45.676999999999794,7.648183263539359,-32.637,67.2289999999999
Italy,1998,513.774,89.383,1457.787,547.851,39.64800000000014,6.458019944193251,-34.077,55.306
Italy,1999,533.453,74.997,1438.827,554.351,-39.85800000000006,5.144578734753431,-20.898000000000025,54.098999999999975
Italy,2000,547.045,75.961,1470.633,577.169,1.6820000000000164,5.279369931200901,-30.124000000000024,45.836999999999975
Italy,2001,575.153,79.082,1530.486,616.778,18.228000000000065,5.377412311569235,-41.625,37.456999999999994
Italy,2002,591.19,73.477,1570.204,630.226,0.6819999999999027,4.800893311013626,-39.035999999999945,34.44100000000006
Italy,2003,612.124,69.138,1590.148,657.271,-25.202999999999975,4.4031221420910915,-45.146999999999935,23.99100000000007
Italy,2004,629.663,66.749,1685.297,680.101,44.711000000000126,4.197659588918768,-50.43799999999999,16.311000000000007
Italy,2005,643.925,67.224,1775.222,705.365,28.4849999999999,3.9888518166234204,-61.440000000000055,5.783999999999949
Italy,2006,685.63,68.871,1799.537,741.87,-31.924999999999955,3.8795711184291317,-56.24000000000001,12.630999999999986
Italy,2007,734.222,76.677,1796.277,755.725,-24.763000000000034,4.260929339046655,-21.503000000000043,55.173999999999964
Italy,2008,742.417,80.678,1867.86,784.89,29.1099999999999,4.491400825151132,-42.472999999999956,38.20500000000004
Italy,2009,728.627,69.499,2001.847,808.728,53.88600000000008,3.7207820714614583,-80.101,-10.602000000000004
Italy,2010,738.388,68.857,2021.865,805.717,-47.31099999999992,3.4396734615582507,-67.32899999999995,1.5280000000000484
Italy,2011,754.137,76.566,1965.592,812.549,-114.68499999999995,3.7868997188239573,-58.412000000000035,18.153999999999968
Italy,2012,775.551000000001,83.582,2240.248,824.301,225.90600000000074,4.252255808936951,-48.74999999999909,34.8320000000009
Italy,2013,778.629,77.659,2343.214,825.233,56.361999999999966,3.466535847816849,-46.60399999999993,31.055000000000078
Italy,2014,783.525,74.442,2572.767,829.632,183.4459999999999,3.1769185400906617,-46.10699999999997,28.335000000000022
Italy,2015,794.792,68.116,2623.42,835.694,9.751000000000317,2.6475774914712447,-40.90199999999993,27.21400000000007
Italy,2016,794.041,66.258,2639.88,835.037,-24.535999999999945,2.5256344771329027,-40.99599999999998,25.262000000000015
Italy,2017,807.248,65.333,2648.524,851.015,-35.12300000000016,2.4748473415458276,-43.76699999999994,21.56600000000006
Italy,2018,820.050000000001,64.366,2610.974,859.018,-76.51799999999878,2.4302592689362075,-38.96799999999905,25.39800000000095
Italy,2019,847.437,60.214,2782.161,873.598,145.02599999999995,2.3061891845725007,-26.160999999999945,34.053000000000054
Italy,2020,791.669,57.126,3059.699,948.296,120.91099999999983,2.053295981073705,-156.62700000000007,-99.50100000000006
Italy,2021,869.213,62.994,3134.228,1032.343,-88.60100000000011,2.0588299698761214,-163.1300000000001,-100.13600000000011
Italy,2022,934.972,81.845,2894.58,1096.547,-401.2230000000002,2.6113288503580465,-161.57500000000005,-79.73000000000005
Italy,2023,992.119,77.998,3152.595,1144.854,105.27999999999997,2.694622363175314,-152.735,-74.73700000000001
Italy,2024,1026.61647740581,88.5762913197691,3243.69248376623,1103.6684045573,14.045556614740235,2.8096311552790354,-77.05192715148996,11.524364168279135
Spain,1964,1.66688709013197,0.0442200315085444,NA,1.7011875178787799,NA,NA,-0.03430042774680997,0.009919603761734432
Spain,1965,1.97222254486795,0.0572991957575505,NA,2.05196256811122,NA,NA,-0.0797400232432699,-0.0224408274857194
Spain,1966,2.29573015995827,0.055430743721978204,NA,2.36054836832196,NA,NA,-0.06481820836369012,-0.009387464641711918
Spain,1967,2.80660344476023,0.060413282483504305,NA,2.81990697472969,NA,NA,-0.013303529969459937,0.04710975251404437
Spain,1968,3.12527254216776,0.07847498549403649,NA,3.18606504748741,NA,NA,-0.0607925053196503,0.017682480174386186
Spain,1969,3.62730105215523,0.0903085150526611,NA,3.6441499338972103,NA,NA,-0.016848881741980293,0.07345963331068081
Spain,1970,4.13168588069167,0.0990279578853319,NA,4.1210637072762495,NA,NA,0.010622173415420377,0.10965013130075228
Spain,1971,4.68536724815292,0.10276486195647601,NA,5.009021604059029,NA,NA,-0.32365435590610936,-0.22088949394963336
Spain,1972,5.576748970066141,0.118958112931436,NA,5.69815837421965,NA,NA,-0.12140940415350965,-0.0024512912220736455
Spain,1973,6.928906853593681,0.16006405771402699,NA,6.7860346317734805,NA,NA,0.1428722218202001,0.3029362795342271
Spain,1974,8.22323042193613,0.158195605678455,NA,8.40991629642338,NA,NA,-0.1866858744872495,-0.02849026880879449
Spain,1975,10.198148397271401,0.176880126034178,NA,10.54383000868,NA,NA,-0.3456816114085992,-0.16880148537442122
Spain,1976,12.616730643796801,0.201792819841808,NA,13.1634937584321,NA,NA,-0.5467631146352989,-0.34497029479349095
Spain,1977,16.6546597011024,0.29272415223966003,NA,17.7023051659912,NA,NA,-1.0476454648887987,-0.7549213126491388
Spain,1978,20.7496750257153,0.38801520605384704,NA,23.047516964840902,NA,NA,-2.2978419391256004,-1.9098267330717533
Spain,1979,25.1537384730635,0.503236414914139,NA,27.7320434428027,NA,NA,-2.5783049697392,-2.0750685548250614
Spain,1980,30.454037114928198,0.729319111218387,26.9132741528036,33.975086376375096,NA,NA,-3.5210492614468976,-2.791730150228511
Spain,1981,35.7978092205634,0.891755378550164,32.9022150772139,40.9055126909998,0.8812374539739096,3.3134406965392147,-5.107703470436398,-4.215948091886235
Spain,1982,41.6943703574186,1.2527979322552099,43.26032677242,49.7442506319971,2.3082314206275996,3.807640091450324,-8.049880274578499,-6.7970823423232885
Spain,1983,50.0745817435523,1.90977700539062,57.289319145151,58.0260540949109,6.0775200213724005,4.414615302000379,-7.951472351358596,-6.041695345967977
Spain,1984,55.9266276172109,3.34934376324188,74.7505063055026,66.0049387430324,7.382876034530099,5.846366850260203,-10.0783111258215,-6.7289673625796205
Spain,1985,64.2330873399044,5.91873038860729,90.02038946208181,78.1461504592766,1.3568200372070152,7.917980333695206,-13.913063119372197,-7.994332730764906
Spain,1986,74.5579878640871,7.79711159385308,104.74470052403301,88.47705944399421,0.8052394820440867,8.661495068444868,-13.919071579907111,-6.121959986054032
Spain,1987,86.35309873708239,7.65928232359804,113.49865968418601,95.1872256310696,-0.08016773383420173,7.312333975159599,-8.834126893987204,-1.1748445703891637
Spain,1988,95.6233910028901,8.20815994850752,117.494366545158,105.770313022466,-6.151215158603904,7.2319443871381495,-10.146922019575896,-1.9387620710683766
Spain,1989,112.246334223701,9.5169281519028,133.094460921196,122.785632695269,5.060795904469998,8.099901664855604,-10.539298471568003,-1.0223703196652032
Spain,1990,124.80002975786,11.385551532705799,154.312009867417,140.710423691592,5.307155012489005,8.554489385885923,-15.91039393373201,-4.524842401026211
Spain,1991,139.669546769375,13.1675742215786,175.87081392050698,159.56402852665101,1.664322295813946,8.53308451681241,-19.894481757276026,-6.726907535697427
Spain,1992,157.780345022701,15.063641483627,199.070177814257,175.074919442366,5.904789474085021,8.565174145629255,-17.294574419664997,-2.2309329360379966
Spain,1993,164.262895470695,19.3400080456996,259.192837205699,194.852976245298,29.532578616839004,9.71517093019571,-30.590080774602995,-11.250072728903394
Spain,1994,167.503041841938,20.19320782042,270.485693795715,198.051878951233,-19.255980519278978,7.790804729836879,-30.548837109294993,-10.355629288874994
Spain,1995,171.795,22.74,314.206,203.062,12.453306204284985,8.407098978467394,-31.267000000000024,-8.527000000000026
Spain,1996,180.897,24.6,365.161,209.578,22.273999999999972,7.829258511931663,-28.68100000000001,-4.08100000000001
Spain,1997,195.271,23.543,382.63,215.299,-2.559000000000026,6.447293111805477,-20.02800000000002,3.5149999999999793
Spain,1998,213.003,22.589,409.436,227.597,12.21199999999996,5.903614457831325,-14.594000000000023,7.994999999999976
Spain,1999,230.397,20.307,406.577,237.779,-10.240999999999985,4.959749509080784,-7.382000000000005,12.924999999999994
Spain,2000,245.747,20.485,424.11,253.267,10.013000000000034,5.038406009193831,-7.519999999999982,12.965000000000018
Spain,2001,266.006,20.815,427.01,269.195,-0.2890000000000441,4.907924830822193,-3.1890000000000214,17.62599999999998
Spain,2002,287.171,19.712,446.589,289.527,17.223000000000013,4.616285332896186,-2.3559999999999945,17.356000000000005
Spain,2003,304.787,18.459,440.817,307.796,-8.781000000000006,4.133330646298946,-3.0090000000000146,15.449999999999985
Spain,2004,332.725,17.104,456.06,333.666,14.302000000000021,3.8800681461921838,-0.9409999999999741,16.163000000000025
Spain,2005,368.206,16.201,468.129,356.785,23.49000000000001,3.5523834583168887,11.420999999999992,27.621999999999993
Spain,2006,407.079,16.168,462.718,385.757,15.911000000000001,3.4537488598228263,21.322000000000003,37.49
Spain,2007,442.451,17.009,455.521,422.164,13.090000000000032,3.675888986380474,20.287000000000035,37.296000000000035
Spain,2008,409.082,17.542,529.082,459.813,22.829999999999984,3.850975037374786,-50.730999999999995,-33.18899999999999
Spain,2009,373.777,18.355,672.247,494.353,22.589,3.4692164919615487,-120.57600000000002,-102.22100000000002
Spain,2010,391.624,20.437,725.007,493.817,-49.43299999999999,3.040102819350626,-102.19299999999998,-81.75599999999999
Spain,2011,387.333,26.562,835.595,490.908,7.0130000000000905,3.6636887643843443,-103.57499999999999,-77.01299999999999
Spain,2012,390.842,31.353,1001.775,509.936,47.085999999999956,3.7521765927273383,-119.094,-87.74099999999999
Spain,2013,396.593,36.553,1135.99,473.398,57.40999999999997,3.648823338574031,-76.805,-40.25200000000001
Spain,2014,405.125,36.706,1281.56,467.841,82.85399999999993,3.2311904154085864,-62.71600000000001,-26.010000000000005
Spain,2015,417.645,33.368,1307.839,474.893,-30.968999999999994,2.603701738506196,-57.24799999999999,-23.87999999999999
Spain,2016,425.316,31.226,1349.65,472.717,-5.589999999999861,2.387602755385028,-47.40100000000001,-16.17500000000001
Spain,2017,444.005,29.613,1386.224,479.908,0.6709999999998217,2.194124402622902,-35.90300000000002,-6.2900000000000205
Spain,2018,472.25,29.593,1415.993,503.193,-1.1739999999999782,2.1347920682371684,-30.942999999999984,-1.3499999999999837
Spain,2019,488.347,28.231,1501.255,526.769,46.840000000000146,1.9937245452484584,-38.422000000000025,-10.191000000000024
Spain,2020,468.267,25.127,1656.401,580.164,43.249000000000024,1.6737329767427915,-111.89699999999999,-86.77
Spain,2021,528.95,26.17,1721.023,611.124,-17.552000000000135,1.5799314296477727,-82.17399999999998,-56.00399999999998
Spain,2022,574.012,31.775,1561.739,637.117,-222.3889999999999,1.8462856103608145,-63.10500000000002,-31.33000000000002
Spain,2023,628.283,35.707,1663.988,680.952,49.58000000000004,2.2863615495290825,-52.66899999999998,-16.961999999999982
Spain,2024,665.5956330014151,40.427053262395894,1739.03945369638,713.199269696654,27.447817001140947,2.4295279330377317,-47.60363669523895,-7.176583432843053
Netherlands,1961,NA,NA,17.8102306075045,NA,NA,NA,NA,NA
Netherlands,1962,NA,NA,18.9037108246244,NA,NA,NA,NA,NA
Netherlands,1963,NA,NA,20.055525237427503,NA,NA,NA,NA,NA
Netherlands,1964,NA,NA,22.1303925113349,NA,NA,NA,NA,NA
Netherlands,1965,NA,NA,24.5609839981339,NA,NA,NA,NA,NA
Netherlands,1966,NA,NA,27.188310419393797,NA,NA,NA,NA,NA
Netherlands,1967,NA,NA,30.039823161318502,NA,NA,NA,NA,NA
Netherlands,1968,NA,NA,33.4254941264596,NA,NA,NA,NA,NA
Netherlands,1969,22.270907060188097,1.45173137973138,36.3296220252749,23.1732993840319,2.0017355749715016,4.343185995213727,-0.9023923238438023,0.5493390558875777
Netherlands,1970,25.427834497033903,1.7172669922669899,39.3801573171775,26.6318490503233,1.8465207386132008,4.726905749452249,-1.2040145532893973,0.5132524389775925
Netherlands,1971,29.697319783805902,1.91513715913716,43.049492606425105,31.223155715753,2.1434993573005094,4.863203424283385,-1.5258359319470962,0.38930122719006377
Netherlands,1972,34.155619284100396,2.03611477411478,45.9867909302368,35.0292123627599,2.0637052451521924,4.729706788253507,-0.8735930786595034,1.1625216954552764
Netherlands,1973,40.0860448400258,2.33343264143264,48.329309219631696,39.9476221360146,2.4809409934060938,5.074136712371429,0.13842270401119805,2.471855345443838
Netherlands,1974,46.609231510928396,2.8450244200244197,52.117600515762604,47.1501891138052,3.247333693254106,5.886747536769574,-0.5409576028768015,2.304066817147618
Netherlands,1975,53.639228430795,3.20180586080586,57.825201230645895,57.3338982834436,2.0129308622346898,6.143425309531463,-3.6946698526486017,-0.49286399184274154
Netherlands,1976,62.510875676821506,3.66521164021164,64.7200743988455,65.1632445901207,4.24250425490041,6.338433005347105,-2.652368913299192,1.012842726912448
Netherlands,1977,69.22285728043221,4.04249776149776,70.03420524480701,70.2547160379979,4.282272088395828,6.246126567447011,-1.0318587575656863,3.0106390039320736
Netherlands,1978,75.19639470371949,4.58689702889703,78.3496876490557,78.5570569590153,4.9548201489528765,6.549509647269318,-3.360662255295807,1.226234773601223
Netherlands,1979,81.5652350047288,5.13642246642247,87.7769511945602,85.203112340398,5.789386209835314,6.555766360460247,-3.637877335669188,1.498545130753282
Netherlands,1980,87.8180569380068,6.18318640618641,98.9290768398732,94.1540279015461,4.81615468177371,7.04420274575406,-6.335970963539296,-0.1527845573528861
Netherlands,1981,93.5625076861821,7.69438135938136,113.224386205526,101.612446527655,6.245370524179904,7.777674274506271,-8.049938841472894,-0.3555574820915339
Netherlands,1982,99.1952598179018,9.24966137566138,130.904222728563,109.685843175299,7.189253165639812,8.169319071309697,-10.490583357397199,-1.2409219817358181
Netherlands,1983,104.52394479192701,10.4840431420431,149.274919137729,113.78513708162399,9.109504119469008,8.00894189928642,-9.261192289696979,1.222850852346122
Netherlands,1984,108.11488705108,11.7379043549044,166.21013680998598,117.4298566504,7.620248072936988,7.863279660580076,-9.314969599319994,2.4229347555844054
Netherlands,1985,114.116415684259,12.739557997558,182.58832010385598,119.89621854689,10.59838043123898,7.6647298667000445,-5.779802862631001,6.959755134926999
Netherlands,1986,114.413886244585,13.129146927147,184.371516399348,122.873851622919,-6.676769082841986,7.19057326321813,-8.459965378334005,4.669181548812995
Netherlands,1987,116.731715647073,13.0655824175824,185.34947203285998,127.08943148273599,-9.379760202151004,7.086551476466896,-10.357715835662987,2.707866581919413
Netherlands,1988,119.33698360787399,13.460297517297501,197.224484181541,127.83183374440601,3.380162012148972,7.262118078713044,-8.494850136532023,4.965447380765479
Netherlands,1989,119.888348569774,13.544366707366699,210.673375805909,130.800262714321,2.5369774798209903,6.867487453991459,-10.911914144547012,2.6324525628196866
Netherlands,1990,127.052526452152,14.4763044363044,221.884736996181,139.48914898612398,-1.2252613436999695,6.871444662111104,-12.436622533971985,2.039681902332415
Netherlands,1991,141.47557568651598,15.854218966219,236.721932466607,147.83623512995598,8.476536026985997,7.145249908060092,-6.3606594434399994,9.493559522779
Netherlands,1992,145.48731289301,17.1244839234839,256.482586627807,156.384456592949,8.863510461261,7.234008165212809,-10.897143699938994,6.227340223544907
Netherlands,1993,153.702666720487,17.205477411477403,276.97019226250296,161.370536406373,12.819735948809978,6.708243876394236,-7.667869685885989,9.537607725591414
Netherlands,1994,152.8310820357,16.4785864875865,260.792790578691,163.048205858241,-26.394525506352977,5.949588420680539,-10.217123822540998,6.261462665045503
Netherlands,1995,152.021,17.633,283.915,180.812,-5.668790578690988,6.7613065379886175,-28.791000000000025,-11.158000000000026
Netherlands,1996,159.58,17.248,292.655,166.162,2.1579999999999586,6.075057675712801,-6.581999999999994,10.666000000000007
Netherlands,1997,165.801,17.185,293.873,171.721,-4.701999999999998,5.872101963062309,-5.920000000000016,11.264999999999983
Netherlands,1998,173.893,17.207,305.239,179.165,6.093999999999994,5.855250397280458,-5.271999999999991,11.93500000000001
Netherlands,1999,187.21,16.97,288.667,186.022,-15.383999999999986,5.559577904527272,1.1880000000000166,18.158000000000015
Netherlands,2000,200.529,15.549,283.043,195.393,-0.4879999999999711,5.386483387432579,5.135999999999996,20.684999999999995
Netherlands,2001,210.599,14.539,282.68,212.858,-2.622000000000014,5.136675346148818,-2.2590000000000146,12.279999999999985
Netherlands,2002,213.99,13.546000000000099,296.585,225.205,2.6899999999999693,4.79199094382344,-11.215000000000003,2.3310000000000954
Netherlands,2003,219.143,12.748,308.754,235.578,-4.265999999999963,4.298261881079623,-16.435000000000002,-3.687000000000003
Netherlands,2004,227.769,12.808,320.146,237.47,1.6910000000000025,4.148286337990763,-9.700999999999993,3.1070000000000064
Netherlands,2005,237.32,12.46,328.807,240.167,5.813999999999993,3.8919742867316787,-2.8470000000000084,9.612999999999992
Netherlands,2006,258.423,12.253,311.664,258.252,-16.972000000000037,3.726502173007266,0.17099999999999227,12.423999999999992
Netherlands,2007,267.848,12.875,313.716,269.466,0.4340000000000259,4.131051388674983,-1.617999999999995,11.257000000000005
Netherlands,2008,288.237,13.931,407.016,288.26,93.27700000000004,4.440640579377526,-0.022999999999967713,13.908000000000031
Netherlands,2009,273.028,13.249,409.588,305.176,-29.575999999999965,3.2551545885174047,-32.14799999999997,-18.898999999999965
Netherlands,2010,280.291,12.086,445.169,314.223,1.648999999999944,2.9507700420910767,-33.932000000000016,-21.846000000000018
Netherlands,2011,284.421,12.184,482.495,313.416,8.331000000000017,2.736938106651631,-28.995000000000005,-16.811000000000007
Netherlands,2012,288.342,11.454,521.193,313.598,13.44199999999995,2.3739106104726475,-25.25600000000003,-13.802000000000028
Netherlands,2013,297.383,11.176,523.389,316.425,-16.846000000000004,2.14431122444085,-19.04200000000003,-7.86600000000003
Netherlands,2014,301.973,10.309,563.083,317.186,24.480999999999995,1.9696630995301772,-15.212999999999965,-4.903999999999966
Netherlands,2015,303.955,9.371,552.422,316.389,-23.09499999999997,1.6642306729203336,-12.434000000000026,-3.0630000000000255
Netherlands,2016,317.914,8.556,551.4890000000009,316.279,0.7020000000009077,1.5488159414360758,1.634999999999991,10.19099999999999
Netherlands,2017,330.943,7.654,525.330000000001,321.059,-16.275000000000034,1.387878996679895,9.883999999999958,17.537999999999958
Netherlands,2018,345.746,7.13,513.872000000001,334.143,0.14500000000003865,1.3572421144804194,11.603000000000009,18.733000000000008
Netherlands,2019,364.103,6.446,509.72100000000097,349.318,10.634000000000015,1.2543979823769318,14.785000000000025,21.231000000000023
Netherlands,2020,360.92,5.659,562.818000000001,390.377,23.640000000000043,1.1102151961563267,-29.456999999999994,-23.797999999999995
Netherlands,2021,389.572,4.841,574.348000000002,409.171,-8.068999999998994,0.8601359586935727,-19.59899999999999,-14.757999999999988
Netherlands,2022,429.861,5.65,523.817000000001,429.746,-50.41600000000096,0.9837241533007829,0.1150000000000091,5.7650000000000095
Netherlands,2023,457.397,7.309,531.582,461.217,3.94499999999897,1.3953346302239114,-3.819999999999993,3.489000000000007
Netherlands,2024,476.215477891521,8.89195385500745,563.440884379008,490.849526878971,17.22483539155803,1.6727341887060605,-14.63404898745,-5.74209513244255
United States,1961,155.839998428344,17.85,339.175,176.549998428344,NA,NA,-20.710000000000008,-2.8600000000000065
United States,1962,168.60435303833302,19.6605,352.389,190.353353038333,-8.534999999999997,5.7965651949583545,-21.748999999999995,-2.0884999999999962
United States,1963,181.29431468608098,21.25475,363.367,199.636064686081,-7.36375000000001,6.031615629318736,-18.34175000000002,2.9129999999999825
United States,1964,187.43765116268798,22.922,376.365,210.347151162688,-9.911500000000018,6.30822281605099,-22.90950000000001,0.012499999999992184
United States,1965,202.91180233178102,24.4605,386.326,224.423552331781,-11.550749999999965,6.49914311904667,-21.511749999999978,2.9487500000000217
United States,1966,227.514951433439,26.6955,399.041,253.413951433439,-13.184000000000026,6.91009665412113,-25.899,0.7964999999999982
United States,1967,243.656480492947,29.09,420.017,283.87023049294703,-19.237750000000005,7.289977721587507,-40.21375000000003,-11.123750000000033
United States,1968,280.20273410269,32.788,441.251,313.51748410269,-12.080750000000023,7.806350695328998,-33.314750000000004,-0.5267500000000069
United States,1969,314.099258825615,36.63425,452.145,336.746758825615,-11.753500000000031,8.302360787850906,-22.647500000000036,13.986749999999965
United States,1970,318.8675,44.38325,481.58,369.65275,-21.350250000000017,9.81615410985414,-50.78525000000002,-6.402000000000022
United States,1971,339.62025,48.62075,529.71,404.565,-16.814749999999947,10.09608995390174,-64.94475,-16.323999999999998
United States,1972,388.03075,53.46375,562.617,442.50575,-21.56800000000004,10.093022597270203,-54.474999999999966,-1.0112499999999685
United States,1973,434.94425,61.98,588.981,478.22525,-16.916999999999973,11.01637526061246,-43.281000000000006,18.69899999999999
United States,1974,480.9265,69.526,621.683,537.19325,-23.564750000000004,11.804455491773078,-56.26675000000006,13.259249999999938
United States,1975,496.015,77.40325,730.744,624.709,-19.632999999999925,12.450597812711624,-128.69399999999996,-51.29074999999996
United States,1976,565.62425,86.72425,817.096,669.2655,-17.289250000000038,11.86793870356787,-103.64125000000001,-16.917000000000016
United States,1977,634.85425,95.7525,885.032,723.3305,-20.540250000000015,11.718635264399776,-88.47625000000005,7.276249999999948
United States,1978,718.9425,112.44625,975.748,800.82175,8.836750000000052,12.70533155863291,-81.87924999999996,30.56700000000005
United States,1979,812.26375,128.4595,1056.755,889.75275,3.518000000000029,13.165233236450394,-77.48900000000003,50.97049999999996
United States,1980,893.984,148.75575,1167.721,1020.8965,-15.946500000000015,14.0766544752568,-126.91249999999991,21.843250000000097
United States,1981,1025.30675,180.093,1284.086,1153.3675,-11.69575000000009,15.42260522847495,-128.0607500000001,52.03224999999989
United States,1982,1058.2855,206.165,1494.401,1277.5025,-8.902000000000044,16.055388813521834,-219.2170000000001,-13.052000000000106
United States,1983,1127.3535,227.96475,1730.171,1389.41875,-26.295250000000124,15.254590300729188,-262.0652500000001,-34.100500000000096
United States,1984,1249.8965,260.064,1989.159,1495.24625,13.638250000000198,15.03111542153926,-245.34974999999986,14.714250000000163
United States,1985,1363.87175,285.77925,2339.158,1634.745,79.12574999999993,14.366837945081311,-270.87324999999987,14.90600000000012
United States,1986,1452.3105,302.683,2626.769,1747.33,-7.408500000000004,12.939827065978443,-295.0194999999999,7.663500000000113
United States,1987,1578.22075,314.65925,2871.88,1842.17175,-18.83999999999969,11.9789463786119,-263.951,50.708249999999964
United States,1988,1693.058,333.72725,3126.7,1939.3375,8.54049999999961,11.620515132944274,-246.2795000000001,87.44774999999993
United States,1989,1836.131,362.09725,3375.67,2088.6915,-3.590499999999338,11.58081203825119,-252.56049999999982,109.53675000000015
United States,1990,1938.5055,383.32275,3662.908,2264.85375,-39.11025000000063,11.355456842641608,-326.34825000000023,56.97449999999975
United States,1991,2007.82725,408.691,4067.78,2395.23025,17.469000000000506,11.157555690724418,-387.403,21.287999999999954
United States,1992,2112.74575,417.216,4457.305,2587.54775,-85.27700000000004,10.256601881124347,-474.80200000000013,-57.586000000000126
United States,1993,2239.13375,422.74275,4819.545,2681.11075,-79.73700000000008,9.484267960123887,-441.97699999999986,-19.23424999999986
United States,1994,2405.67125,434.08025,5035.019,2773.90075,-152.75549999999976,9.006664529535465,-368.2294999999999,65.85075000000006
United States,1995,2547.03,473.006,5246.45,2905.259,-146.79800000000023,9.394324033335325,-358.2289999999998,114.77700000000016
United States,1996,2728.00075,479.3635,5477.339,3013.70525,-54.8154999999997,9.1369116259566,-285.7044999999998,193.65900000000016
United States,1997,2922.964,485.31125,5616.935,3102.86925,-40.30924999999979,8.860347150322447,-179.90525000000025,305.4059999999997
United States,1998,3117.45575,479.2885,5641.851,3202.6225,-60.25075000000061,8.53291875373313,-85.16674999999987,394.12175000000013
United States,1999,3307.666,465.6225,5653.462,3358.555,-39.27799999999888,8.253009517621079,-50.88899999999967,414.73350000000033
United States,2000,3566.11175,464.812,5419.157,3534.79275,-202.98600000000033,8.221723255590998,31.31899999999996,496.131
United States,2001,3586.92575,459.8175,5592.977,3789.122,-28.376250000000255,8.485037432943907,-202.19624999999996,257.62125000000003
United States,2002,3451.89625,452.22375,6038.233,4037.4695,-140.31725000000006,8.08556427104921,-585.5732500000004,-133.34950000000038
United States,2003,3549.06175,475.58525,6686.201,4292.3295,-95.29975000000013,7.876232169245538,-743.26775,-267.6825
United States,2004,3810.095,480.65725,8045.873,4520.60975,649.1572500000002,7.1887945037847345,-710.5147499999998,-229.85749999999985
United States,2005,4246.12275,521.517,8502.751,4833.97925,-130.97849999999926,6.481795076805215,-587.8564999999999,-66.33949999999982
United States,2006,4614.16025,560.86875,8835.025,5089.859,-143.42475000000104,6.596321002461439,-475.6987500000005,85.1699999999995
United States,2007,4840.5365,600.017,9313.482,5434.15975,-115.16624999999931,6.79134467644404,-593.6232499999996,6.393750000000409
United States,2008,4782.13025,592.30375,10811.145,5888.50975,391.28350000000046,6.359638103128347,-1106.3795,-514.07575
United States,2009,4366.332,621.5535,12501.307,6282.967,-226.47299999999905,5.7491921530975665,-1916.6349999999993,-1295.0814999999993
United States,2010,4616.73875,648.45875,14281.96,6502.361,-104.96925000000101,5.187127633934596,-1885.6222499999994,-1237.1634999999994
United States,2011,4831.06075,691.2075,15480.026,6561.82075,-532.6939999999995,4.83972437956695,-1730.7600000000002,-1039.5525000000002
United States,2012,5024.18975,703.74675,16709.229,6541.073,-287.68025000000125,4.546159999989665,-1516.8832500000008,-813.1365000000008
United States,2013,5568.9075,686.541,17568.463,6574.0595,-145.91799999999967,4.108753312316206,-1005.152,-318.611
United States,2014,5806.985,701.3555,18307.768,6745.974,-199.6840000000002,3.9921278258661554,-938.9890000000005,-237.63350000000048
United States,2015,6078.955,698.01975,19097.603,6935.5935,-66.8035000000009,3.81269715674789,-856.6385,-158.61874999999998
United States,2016,6156.7465,737.072,19989.134,7179.83575,-131.55825000000095,3.8595000639609065,-1023.08925,-286.01725
United States,2017,6551.48875,767.644,20638.232,7428.4695,-227.88274999999794,3.8403064384880308,-876.9807499999997,-109.33674999999971
United States,2018,6541.955,826.647,22010.942,7817.503,97.16199999999935,4.005415773986842,-1275.5479999999998,-448.9009999999997
United States,2019,6807.84575,883.27225,23203.514,8260.723,-260.30524999999943,4.012878004039991,-1452.8772499999995,-569.6049999999996
United States,2020,6914.11625,813.468,28088.152,10112.35125,1686.4029999999984,3.505796578914728,-3198.2349999999997,-2384.767
United States,2021,7918.1335,851.95225,29425.676,10721.8845,-1466.226999999999,3.0331374239216595,-2803.751,-1951.7987500000002
United States,2022,9204.91025,963.9695,30784.56,10164.626,399.16825000000244,3.275946829564765,-959.7157499999994,4.25375000000065
United States,2023,8975.92880695156,1216.552,33417.432,11089.0353069516,519.7654999999595,3.9518252006850183,-2113.10650000004,-896.55450000004
United States,2024,9462.55038970308,1372.01095416975,35585.77656709,11688.9156018462,-58.0206450531241,4.105674410199294,-2226.3652121431205,-854.3542579733705
