Country,Year,GDP,GDP_r,GDPPOT,Deflator,pi,GDP_alt,Deflator_alt,GDP_r_alt,ygap,GDPPOT_alt,ygap_alt
Germany,1960,NA,NA,NA,NA,NA,NA,NA,NA,NA,NA,NA
Germany,1961,NA,NA,NA,NA,NA,NA,NA,NA,NA,NA,NA
Germany,1962,NA,NA,NA,NA,NA,NA,NA,NA,NA,NA,NA
Germany,1963,NA,NA,NA,NA,NA,NA,NA,NA,NA,NA,NA
Germany,1964,NA,NA,NA,NA,NA,NA,NA,NA,NA,NA,NA
Germany,1965,NA,NA,NA,NA,NA,NA,NA,NA,NA,NA,NA
Germany,1966,NA,NA,NA,NA,NA,NA,NA,NA,NA,NA,NA
Germany,1967,NA,NA,NA,NA,NA,NA,NA,NA,NA,NA,NA
Germany,1968,NA,NA,NA,NA,NA,NA,NA,NA,NA,NA,NA
Germany,1969,NA,NA,NA,NA,NA,NA,NA,NA,NA,NA,NA
Germany,1970,403.8984884870741,1260.6449132902283,1258.32286038397,32.0390368635143,NA,403.8984884870741,32.0390368635143,1260.6449132902283,NA,1258.32286038397,0.0018436548400968533
Germany,1971,448.29820031077804,1300.1925916570142,1297.3548691356386,34.4793689171425,0.07340608145219019,448.29820031077804,34.4793689171425,1300.1925916570142,NA,1297.3548691356386,0.0021849253521830647
Germany,1972,488.7664543014549,1356.1583994615028,1336.3883291703735,36.0405137405433,0.04428254460969949,488.7664543014549,36.0405137405433,1356.1583994615028,NA,1336.3883291703735,0.014685298032082628
Germany,1973,544.3781014267552,1420.8324557191722,1375.4264653478172,38.3140249390778,0.061172328185026714,544.3781014267552,38.3140249390778,1420.8324557191722,NA,1375.4264653478172,0.03247909661917081
Germany,1974,589.181039694872,1433.5342994129649,1414.4848588215436,41.0998913619397,0.07018946268126536,589.181039694872,41.0998913619397,1433.5342994129649,NA,1414.4848588215436,0.013377525655529965
Germany,1975,617.171675377878,1421.1097965573658,1453.6074694891095,43.4288523570082,0.055118542839998064,617.171675377878,43.4288523570082,1421.1097965573658,NA,1453.6074694891095,-0.022610263464652114
Germany,1976,669.131883034327,1491.4969048377604,1492.8501631484405,44.8631090593589,0.032491811439740115,669.131883034327,44.8631090593589,1491.4969048377604,NA,1492.8501631484405,-9.069041720710658e-4
Germany,1977,712.97155812968,1541.250453379077,1532.2484945518804,46.2592926780033,0.030646534027171324,712.97155812968,46.2592926780033,1541.250453379077,NA,1532.2484945518804,0.005857808784536012
Germany,1978,760.4626726938841,1587.7314646517414,1571.8371726653281,47.8961770062727,0.03477332271032196,760.4626726938841,47.8961770062727,1587.7314646517414,NA,1571.8371726653281,0.010061136748470645
Germany,1979,825.908564769035,1653.7367036522028,1611.65653267895,49.9419625231183,0.04182589244488666,825.908564769035,49.9419625231183,1653.7367036522028,NA,1611.65653267895,0.025774843970824968
Germany,1980,883.20032207939,1676.810809486842,1651.7568437154046,52.6714353868984,0.053211703881727246,883.20032207939,52.6714353868984,1676.810809486842,NA,1651.7568437154046,0.015054186390050184
Germany,1981,924.945459810708,1685.7964144489606,1692.214675004208,54.8669727781481,0.04083829316716825,924.945459810708,54.8669727781481,1685.7964144489606,NA,1692.214675004208,-0.0038000279505920886
Germany,1982,963.498388190422,1679.0849479453398,1733.1222545034834,57.3823491997492,0.044825172057341156,963.498388190422,57.3823491997492,1679.0849479453398,NA,1733.1222545034834,-0.031675582071526875
Germany,1983,1006.12838395254,1705.4315910486398,1774.567798758508,58.9955287115263,0.027724905678281786,1006.12838395254,58.9955287115263,1705.4315910486398,NA,1774.567798758508,-0.039738688338124994
Germany,1984,1055.10919621415,1753.6320591034007,1816.6057509979585,60.1670795613538,0.01966369511333088,1055.10919621415,60.1670795613538,1753.6320591034007,NA,1816.6057509979585,-0.0352806884004222
Germany,1985,1102.61151151293,1794.4000183533567,1859.2473443206932,61.4473640345116,0.021055587392790898,1102.61151151293,61.4473640345116,1794.4000183533567,NA,1859.2473443206932,-0.03550103778773561
Germany,1986,1161.6617841503,1835.5007772066688,1902.4644532681377,63.2885476582668,0.02952345212183438,1161.6617841503,63.2885476582668,1835.5007772066688,NA,1902.4644532681377,-0.03583277897225656
Germany,1987,1193.02384093799,1861.2372641976526,1946.1884228029876,64.0984287111983,0.012715459428863873,1193.02384093799,64.0984287111983,1861.2372641976526,NA,1946.1884228029876,-0.04463134238614064
Germany,1988,1258.16731317983,1930.182256534121,1990.308745590399,65.1838606909082,0.016792052334797525,1258.16731317983,65.1838606909082,1930.182256534121,NA,1990.308745590399,-0.030675343344394257
Germany,1989,1344.82739652493,2005.5613588652702,2034.6618198214005,67.054911612668,0.028299957155031308,1344.82739652493,67.054911612668,2005.5613588652702,NA,2034.6618198214005,-0.014405622123353723
Germany,1990,1463.57758440458,2110.7260335346987,2079.04646463136,69.3400072369231,0.033510184595361814,1463.57758440458,69.3400072369231,2110.7260335346987,NA,2079.04646463136,0.015122621888437493
Germany,1991,1591.61,2238.509,2153.479,71.10134468970195,0.02508420465885397,1585.8,71.4736581593815,2218.71951266825,0.03872534534301053,2123.2433113675484,0.04398544989093711
Germany,1992,1709.89,2283.597,2222.924,74.87704704464053,0.05174114627187176,1702.06,75.2686605359121,2261.3129925275007,0.02692838502847117,2167.0527911078007,0.042577531095026266
Germany,1993,1757.34,2261.371,2280.444,77.71126453819386,0.03715282606104697,1750.89,78.1918936120538,2239.2218926004994,-0.008398894327305229,2210.3350075557655,0.012984344974655393
Germany,1994,1838.02,2320.112,2327.94,79.2211755294572,0.01924340926284973,1829.55,79.7906938204868,2292.9365724229997,-0.003368295966135193,2253.0089770409786,0.0175666961734251
Germany,1995,1899.93,2355.039,2367.507,80.67509710030279,0.018186310655567084,1894.61,81.3742500736613,2328.2672323062493,-0.00528021493829911,2295.011770196128,0.014386341665701963
Germany,1996,1928.56,2379.488,2403.296,81.04936860366601,0.004628516407918504,1921.38,81.8564139949576,2347.256502243499,-0.00995579003747693,2336.3054124010155,0.004676402276414748
Germany,1997,1967.18,2423.623,2437.408,81.1669141611546,0.00144924511964728,1961.15,82.0850227081922,2389.1691021049987,-0.005671651529293165,2376.8727136992625,0.005160011667669551
Germany,1998,2022.31,2474.426,2473.639,81.72844934542395,0.0068944553913796724,2014.42,82.6450189736475,2437.4366719454993,3.181041504651816e-4,2416.703328565642,0.00854259228769294
Germany,1999,2077.24,2527.134,2513.543,82.19746163044776,0.005722262722477112,2059.48,82.9286984332023,2483.4346117935,0.005392542682247203,2455.79459671768,0.011192152635127073
Germany,2000,2129.66,2599.846,2555.259,81.91485187968826,-0.003444105126193975,2109.09,82.5303257621916,2555.533351555249,0.017298624122889628,2494.156816212515,0.024310227361437953
Germany,2001,2195.53,2642.393,2594.891,83.08870028038979,0.01422839919272434,2172.54,83.6024338892555,2598.65640141275,0.018140434101960423,2531.817560116708,0.026057094749523557
Germany,2002,2223.36,2636.361,2630.111,84.33442916201537,0.014881478747304833,2198.12,84.7570480000686,2593.43624143,0.002373506565356287,2568.842761831409,0.009528220247976726
Germany,2003,2240.81,2622.39,2662.444,85.44915134667231,0.013131283943444316,2211.57,85.8794258995181,2575.2035214902508,-0.015158382251135194,2605.3401290335783,-0.011634665984964876
Germany,2004,2293.04,2652.872,2694.485,86.43613412181215,0.011484329448847141,2262.52,86.8298999141026,2605.6922813895007,-0.015564264755970392,2641.432740324925,-0.013623083702809069
Germany,2005,2325.71,2676.368,2727.868,86.89799011197265,0.00532909587459951,2288.31,87.1868035549394,2624.6059113270016,-0.01905970021798975,2677.2248389274446,-0.01984999439638724
Germany,2006,2426.18,2779.562,2766.656,87.28641419043718,0.004459925374640683,2385.08,87.5356112697724,2724.6968009962484,0.004653990627458526,2712.798330276296,0.004376459904437802
Germany,2007,2542.22,2859.894,2805.899,88.89210579133352,0.018228511196848984,2499.55,89.0803553506171,2805.9497407277518,0.019060574473324543,2748.20223297689,0.020795105722616114
Germany,2008,2589.68,2885.931,2842.994,89.73464715545866,0.009433610571472961,2546.49,89.8904131635828,2832.8827406387495,0.0149898293220323,2783.4930021788364,0.017588214863820006
Germany,2009,2494.87,2725.901,2866.627,91.52460048989307,0.019750843557893916,2445.73,91.5485415589627,2671.5117011720004,-0.050337061619360135,2818.763185224089,-0.05365370953588666
Germany,2010,2616.06,2838.938,2881.855,92.14924735939988,0.00680172256433309,2564.4,92.1342738284591,2783.3290408025005,-0.01500414545171136,2854.136198041139,-0.025121531757564597
Germany,2011,2747.81,2945.624,2907.148,93.28447894232258,0.01224422103190026,2693.56,93.1295686331325,2892.2715304425005,0.013148147335778404,2889.6434243809463,9.0907813867247e-4
Germany,2012,2800.38,2959.595,2953.515,94.6203788018293,0.014219136041307756,2745.31,94.5158357660936,2904.60321040175,0.002056448177924608,2925.2719935211944,-0.0070906731257682765
Germany,2013,2867.28,2971.026,2999.216,96.50807498823639,0.01975380988238218,2811.35,96.3727806194757,2917.16186036025,-0.009443573476890066,2961.0106773058583,-0.014919477107396162
Germany,2014,2985.17,3035.482,3047.067,98.34253670422028,0.018829973415689594,2927.43,98.1750753750641,2981.8464501465005,-0.00380926286287675,2996.8353295894603,-0.005014118964213665
Germany,2015,3085.65,3085.65,3098.851,100,0.016713529093749457,3026.18,100,3026.18,-0.004269065539459049,3032.6943987159334,-0.002150366816506377
Germany,2016,3196.11,3156.457,3146.95,101.25625028314975,0.012484249284868021,3134.74,101.327752229999,3093.6638097770133,0.003016466240792326,3068.5269649795587,0.0081584569977462
Germany,2017,3331.11,3242.187,3189.621,102.74268572417323,0.014573230403402526,3267.16,102.851457155791,3176.5811495029893,0.016346001133200616,3104.2680371754195,0.023027557451706926
Germany,2018,3431.13,3278.384,3233.272,104.65918574517201,0.01848155523716777,3365.45,104.913718481282,3207.8264393997633,0.013855990471963509,3139.8683346265975,0.021412718715758672
Germany,2019,3534.88,3310.771,3267.237,106.76908792544093,0.019959224816675558,3474.11,107.153732035823,3242.173589286238,0.01323641917269569,3175.323772351379,0.020834363079231366
Germany,2020,3449.62,3175.19,3288.624,108.64294735118213,0.017398347233371858,3403.73,109.163027257595,3118.024559696503,-0.03510176713584201,3210.6727391835334,-0.029280843902206755
Germany,2021,3676.46,3291.72,3308.121,111.68811442042458,0.027643501187044173,3617.45,112.453898493367,3216.8293393700105,-0.004970129965769843,3245.9954050924152,-0.009025856302503854
Germany,2022,3953.85,3336.808,3330.749,118.49198395592434,0.059135018194907296,3876.81,118.381071116265,3274.8563291782416,0.0018174577788592217,3281.3140349351993,-0.0019699634044609837
Germany,2023,4185.55,3327.917,3357.127,125.77086507866633,0.05961640794913414,NA,NA,NA,-0.008738965935277676,NA,NA
Germany,2024,4304.177,3324.208,3376.562,129.4797738288338,0.029062961996592307,NA,NA,NA,-0.015626581827520525,NA,NA
Germany,2025,4436.645,3347.2560000000003,3392.925,132.5457329824788,0.023403058167626334,NA,NA,NA,-0.01355147551534941,NA,NA
Germany,2026,4596.651,3392.069,3411.356,135.51171865902492,0.02213038068974882,NA,NA,NA,-0.005669806507095032,NA,NA
France,1955,NA,NA,NA,NA,NA,NA,NA,NA,NA,NA,NA
France,1956,NA,NA,NA,NA,NA,NA,NA,NA,NA,NA,NA
France,1957,NA,NA,NA,NA,NA,NA,NA,NA,NA,NA,NA
France,1958,NA,NA,NA,NA,NA,NA,NA,NA,NA,NA,NA
France,1959,NA,NA,NA,NA,NA,NA,NA,NA,NA,NA,NA
France,1960,46.373,460.498,NA,10.070184886796469,NA,NA,9.57143118247985,NA,NA,NA,NA
France,1961,50.276,483.276,NA,10.403165065097378,0.03253102630935523,NA,9.81371121795466,NA,NA,NA,NA
France,1962,56.346,516.41,NA,10.91109777115083,0.047670322390351405,NA,10.3127712407076,NA,NA,NA,NA
France,1963,63.167,547.929,NA,11.52831845001816,0.055026066942891916,NA,10.9562402067071,NA,NA,NA,NA
France,1964,70.059,583.998,NA,11.996445193305455,0.039803889647800794,NA,11.4028092106752,NA,NA,NA,NA
France,1965,75.67,612.256,615.142,12.359209219672817,0.029791098981067687,NA,11.7535251218877,NA,-0.0047026397608807,NA,NA
France,1966,82.011,643.87,646.966,12.737198502803361,0.030125257231895297,NA,12.1052076580985,NA,-0.004796900515081859,NA,NA
France,1967,88.664,674.787,680.025,13.13955366656441,0.031100316718774668,NA,12.5000863506033,NA,-0.007732476681385769,NA,NA
France,1968,96.722,705.45,714.44,13.710681125522713,0.0425481283255551,NA,13.0758083992978,NA,-0.012663121977116276,NA,NA
France,1969,111.261,755.492,750.922,14.726959385407127,0.07150461263999963,NA,14.053231576408,NA,0.0060674077906544,NA,NA
France,1970,124.462,802.333,789.425,15.512511637935871,0.05196711485183858,NA,14.8767661807983,NA,0.016218901310179668,NA,NA
France,1971,138.813,844.8040000000001,828.822,16.431385268062176,0.05754634106807499,NA,15.832902401822,NA,0.019099232234805363,NA,NA
France,1972,154.948,882.94,867.847,17.549097333907174,0.06580927279563209,NA,16.9442035540614,NA,0.017241816283026346,NA,NA
France,1973,177.73,937.635,908.428,18.95513712692039,0.07707246865873119,NA,18.4570736669227,NA,0.031645114295386634,NA,NA
France,1974,207.308,979.028,948.563,21.17487957443505,0.11074057008178428,NA,20.8648251120817,NA,0.03161203490086972,NA,NA
France,1975,233.556,969.7709999999998,985.593,24.083623865840497,0.12871654852096714,NA,23.5092965287431,NA,-0.016183529329959256,NA,NA
France,1976,269.931,1011.835,1022.527,26.67737328714662,0.10228366180972559,NA,26.0894795424507,NA,-0.010511500360181891,NA,NA
France,1977,303.79,1047.797,1058.047,28.99321147130599,0.08324595169253657,NA,28.4941719283194,NA,-0.009734891043806648,NA,NA
France,1978,345.186,1089.178,1092.532,31.692340462256855,0.08901331050326089,NA,31.289785655058,NA,-0.0030746548737035084,NA,NA
France,1979,394.491,1129.427,1126.053,34.92841945517506,0.09722578298285933,NA,34.5683421106726,NA,0.0029918265883353,NA,NA
France,1980,447.416,1148.361,1157.314,38.96126740632954,0.10926720033493309,451.77,38.548568161832,1171.9501437859108,-0.00776609452581134,1134.1966978343885,0.03274450567376164
France,1981,504.71,1162.007,1181.855,43.43433387234328,0.10868222219016621,509.9852,43.0559040802172,1184.472166813289,-0.016936555516089413,1166.9405859093122,0.014911806313495646
France,1982,579.251,1190.389,1203.152,48.66064790585263,0.1136204208259941,585.9894,48.2634910034343,1214.1463201621752,-0.010664635338048178,1199.7080698879556,0.011962960586528126
France,1983,642.945,1205.413,1221.596,53.33815049281865,0.0917811920026459,650.5125,52.9212005207481,1229.2096430143577,-0.013335953712311444,1232.5337029121033,-0.002700575527886606
France,1984,699.502,1224.813,1240.454,57.11092223874174,0.06834353678242922,707.0296,56.6613924937866,1247.8154328408566,-0.012689262357523212,1265.4610620299618,-0.014042163028784138
France,1985,749.583,1244.032,1262.602,60.254318216894745,0.053578860442446086,757.6897,59.7515822325777,1268.0663368055436,-0.014816953524267262,1298.5316467523005,-0.02374095286128064
France,1986,807.707,1273.758,1290.104,63.411338731532986,0.05106844834620361,814.5969,62.771995076857,1297.7075190976818,-0.01275124907659464,1331.7759280716466,-0.02591407488204389
France,1987,848.788,1306.274,1322.796,64.97779179559572,0.024402857033435588,855.9824,64.3135804983145,1330.9512444613986,-0.012568868464267524,1365.2053361618098,-0.025410938761848634
France,1988,917.933,1369.161,1359.989,67.04346676541327,0.03129561989958418,925.2149,66.3677070048562,1394.0739280510338,0.0067215320021132285,1398.8100084409916,-0.003391537233477848
France,1989,988.884,1429.475,1399.244,69.1781248360412,0.031343530831205335,997.1207,68.5483055530683,1454.6248692143897,0.021375153226208532,1432.5586735200814,0.015285917940659921
France,1990,1043.975,1469.923,1438.752,71.02242770539681,0.026311012772723963,1053.546,70.3698775045286,1497.1548016865595,0.02143394731777537,1466.417099959723,0.02074442937248211
France,1991,1082.833,1488.1009999999999,1476.806,72.76609584967687,0.024254420037174818,1091.7054,72.1623716350139,1512.8457882754699,0.007619162854724415,1500.3648476928706,0.008284194813273693
France,1992,1121.458,1510.662,1512.956,74.23619578701258,0.020001714699475315,1130.984,73.5820044195607,1537.0388574238734,-0.0015173877388976464,1534.4006877160573,0.0017178722340664976
France,1993,1134.839,1505.239,1545.539,75.39261207024266,0.015457441987985376,1142.1187,74.7766831089367,1527.3727751953513,-0.02642102724404083,1568.5311916136802,-0.026590515686646832
France,1994,1172.96,1541.119,1578.199,76.11092978543513,0.009482591482056435,1179.8667,75.4684910549296,1563.3898114396327,-0.02377554753213662,1602.7645798262035,-0.024873580742210244
France,1995,1213.802,1576.638,1610.605,76.98672745424125,0.011441157729979778,1218.2724,76.3175549781858,1596.3200083496183,-0.021315152955360794,1637.083348783831,-0.02521522724664127
France,1996,1246.974,1598.665,1642.966,78.00095704853737,0.01308806019535691,1252.2658,77.3540837421083,1618.8748407581734,-0.027334239027132945,1671.4453856865239,-0.03195738731437192
France,1997,1289.669,1639.064,1676.766,78.68326069024761,0.008709338622943541,1292.7765,78.033599061994,1656.6921371561375,-0.02274159102200013,1705.7831006464721,-0.02920137599477446
France,1998,1346.318,1695.6549999999997,1712.369,79.39810869545987,0.009044112922661718,1351.8957,78.7753336806395,1716.1408740973109,-0.009808695012108792,1739.9960471852858,-0.013804749332756217
France,1999,1395.148,1753.2950000000003,1749.847,79.57291841931904,0.002199266086297058,1400.9995,78.9357257381259,1774.8611125055104,0.0019685191827427673,1773.9530969723933,5.117289885205878e-4
France,2000,1473.517,1825.899,1788.18,80.70090404781426,0.014075963689037962,1478.5865,80.1620179902807,1844.4976025669316,0.02087412566001845,1807.5082121940434,0.020257719840133248
France,2001,1530.071,1860.581,1824.138,82.23619396306852,0.01884574321567012,1538.1981,81.7718129689655,1881.0859685644803,0.019781257855570722,1840.5159225461925,0.021803327917532478
France,2002,1578.33,1880.448,1857.9,83.93372217684296,0.020431944693633852,1587.8277,83.4624118742832,1902.4464598407424,0.012063228695781802,1872.8538760937809,0.015677263903939753
France,2003,1622.313,1898.647,1892.458,85.445741098793,0.017854101765174768,1630.667,85.014180939848,1918.1117573240897,0.0032650140252288296,1904.425077180509,0.007161076125616894
France,2004,1696.108,1953.105,1929.381,86.8416188581771,0.01620441922266913,1704.0188,86.393466127814,1972.3931407949365,0.012221187805393718,1935.1510255149203,0.01906222497069976
France,2005,1762.048,1989.991,1966.899,88.54552608529384,0.01943085210318607,1765.9046,88.0662644078023,2005.1998479494364,0.011671925253783577,1964.961774980648,0.020270938383123216
France,2006,1846.021,2044,2004.059,90.31413894324854,0.0197771868219494,1848.1519,89.9643034196752,2054.3169120962802,0.019734048434456142,1993.8106557833732,0.02989567976556451
France,2007,1937.876,2095.724,2040.685,92.46809217244255,0.023569609911928247,1941.3598,92.2642202771164,2104.1307173778837,0.02661354259207549,2021.6761469243854,0.03997547793219436
France,2008,1990,2103.691,2074.268,94.59564166030088,0.02274776822983071,1992.3797,94.4482470760135,2109.493571009846,0.014085100612181378,2048.574543815168,0.029303698134847345
France,2009,1935.84,2044.271,2099.417,94.69585979549679,0.0010588763234382625,1936.4294,94.5114698794087,2048.8829583020715,-0.026618440415115963,2074.5736759737392,-0.01246092896134865
France,2010,1996.075,2085.163,2124.435,95.72752825558482,0.010835628592854363,1995.2901,95.5224815191938,2088.8172797301922,-0.01865885501735942,2099.7794473101117,-0.00523430319158269
France,2011,2062.141,2135.991,2149.29,96.5425884285093,0.00847833318386293,2058.3677,96.4279538093276,2134.6172128365656,-0.006206847436727614,2124.2817050357553,0.004853615119810861
France,2012,2088.287,2139.917,2171.828,97.5872896004845,0.01076301358271703,2088.804,97.5481600132591,2141.3053815839094,-0.014802166014224127,2148.1634450074016,-0.0031976310094750104
France,2013,2120.352,2156.646,2194.331,98.31710906657837,0.007450806080456118,2117.1905,98.3073691816546,2153.6437376203276,-0.017322979362635493,2171.514122774158,-0.008263507331427888
France,2014,2153.733,2178.166,2214.371,98.87827649499624,0.005691501772749241,2149.7662,98.8745939613929,2174.235173941052,-0.016485151938189446,2194.418907595491,-0.0092403183638012365
France,2015,2201.402,2201.402,2230.909,100,0.011280622699670673,2198.4333,100,2198.4333,-0.013314695615091132,2216.951799740148,-0.00838821887797181
France,2016,2231.819,2220.334,2247.518,100.51726451966236,0.005159313022764955,2234.1298,100.52251408598801,2222.5168364660103,-0.012168861212239257,2239.174184643341,-0.00746686648241468
France,2017,2291.681,2266.598,2265.446,101.10663646575176,0.005846267450226428,2297.2442,101.046852966112,2273.444578002271,5.08379894286648e-4,2261.1358736779443,0.00542883059893029
France,2018,2355.363,2303.904,2285.606,102.23355660652527,0.011084199945510242,2363.3074,102.049550361075,2315.843030800302,0.007973878236660958,2282.8762673742226,0.014337612725134008
France,2019,2432.207,2350.614,2307.418,103.47113562669158,0.01203272456988369,2437.6373,103.354313686248,2358.5249740034255,0.01854742015627675,2304.442459202642,0.023197648640329582
France,2020,2318.276,2175.713,2327.192,106.55247268366736,0.02934487409068609,2317.8331,106.289469481311,2180.6799030148018,-0.06730596367287411,2325.9021468608107,-0.06447127364139238
France,2021,2508.102,2325.453,2354.427,107.85434063814662,0.012144053950664535,2502.1193,107.802968811635,2321.0114967909403,-0.012382526990877274,2347.3568296180874,-0.011286861134019333
France,2022,2655.435,2385.237,2380.401,111.32793093516493,0.03169855957896317,2639.0918,110.98012405107,2377.9859885411215,0.002029529586574874,2368.817242841426,0.003863129207362981
France,2023,2822.455,2407.574,2409.237,117.23232598458033,0.051677479496119894,NA,NA,NA,-6.904983675193321e-4,NA,NA
France,2024,2917.936,2434.997,2437.035,119.83324825451533,0.021943520423600482,NA,NA,NA,-8.366119593912202e-4,NA,NA
France,2025,2990.123,2455.027,2462.913,121.79593136857557,0.01624577200246602,NA,NA,NA,-0.003207036588088741,NA,NA
France,2026,3081.944,2488.654,2487.805,123.8397945234653,0.016641800111319327,NA,NA,NA,3.4120647160484907e-4,NA,NA
Italy,1960,12.711,434.316,NA,2.926670903213329,-3.745123184085232,NA,NA,NA,NA,NA,NA
Italy,1961,14.341,471.09,NA,3.044216604045936,0.039378028625129735,NA,NA,NA,NA,NA,NA
Italy,1962,16.162,503.98,NA,3.206873288622564,0.05205281388483951,NA,NA,NA,NA,NA,NA
Italy,1963,18.629,535.312,NA,3.480026601309143,0.08174352875648472,NA,NA,NA,NA,NA,NA
Italy,1964,20.546,556.508,NA,3.691950520028463,0.05911497679682709,NA,NA,NA,NA,NA,NA
Italy,1965,22.208,582.131,611.177,3.814948868897207,0.032772347390081835,NA,NA,NA,-0.04869109794014115,NA,NA
Italy,1966,24.264,621.034,645.584,3.9070324652112447,0.02385086353863719,NA,NA,NA,-0.038769502663864586,NA,NA
Italy,1967,26.942,668.943,681.948,4.027547937567177,0.030379613022775365,NA,NA,NA,-0.01925455389762387,NA,NA
Italy,1968,29.286,717.9079999999999,718.76,4.0793527861508725,0.012780606427652552,NA,NA,NA,-0.001186077924588247,NA,NA
Italy,1969,32.387,765.249,757.607,4.232217226027084,0.03678767765268165,NA,NA,NA,0.010036489528659764,NA,NA
Italy,1970,36.579,811.437,794.983,4.507928526798754,0.0631117186642749,NA,NA,NA,0.020486019151979562,NA,NA
Italy,1971,39.949,824.53999999999985,831.468,4.845004487350523,0.07211043021958985,NA,NA,NA,-0.008367158152226217,NA,NA
Italy,1972,43.802,852.784,865.686,5.136353402502861,0.058395201394929375,NA,NA,NA,-0.015015964697439266,NA,NA
Italy,1973,52.817,910.089,902.103,5.803498339173421,0.1221175247308135,NA,NA,NA,0.008813692695649245,NA,NA
Italy,1974,66.796,956.045,939.816,6.986700416821384,0.1855475037751979,NA,NA,NA,0.017120871650589287,NA,NA
Italy,1975,76.539,932.984,970.299,8.203677662210714,0.1605741476927809,NA,NA,NA,-0.039216219703113175,NA,NA
Italy,1976,96.11,995.0229999999999,999.633,9.659073207352996,0.16331515323620227,NA,NA,NA,-0.004622359151833955,NA,NA
Italy,1977,116.797,1016.803,1028.417,11.486689162010732,0.17329119846326257,NA,NA,NA,-0.011357335484351694,NA,NA
Italy,1978,137.52,1046.278,1060.253,13.143734265654063,0.13475626255375994,NA,NA,NA,-0.013268454180336064,NA,NA
Italy,1979,168.295,1104.433,1089.965,15.238135767402822,0.14785605443163696,NA,NA,NA,0.013186495471768644,NA,NA
Italy,1980,210.196,1138.662,1123.336,18.459911720949673,0.1918002290802412,NA,NA,NA,0.013551059308576363,NA,NA
Italy,1981,251.953,1145.001,1145.626,22.004609602961047,0.17565051193497094,NA,NA,NA,-5.457021291634945e-4,NA,NA
Italy,1982,297.489,1146.784,1165.748,25.94115369590088,0.16457869463661634,NA,NA,NA,-0.016401438007421554,NA,NA
Italy,1983,346.71,1157.393,1190.016,29.956116893743093,0.14390288710635835,NA,NA,NA,-0.027796690310596617,NA,NA
Italy,1984,396.622,1192.261,1213.728,33.26637372186124,0.10481354809365184,NA,NA,NA,-0.017845110408941878,NA,NA
Italy,1985,445.441,1223.511,1240.762,36.40678342900064,0.09020802656532823,NA,NA,NA,-0.014001112547348704,NA,NA
Italy,1986,493.388,1256.666,1268.934,39.26166539080392,0.07549349226027235,NA,NA,NA,-0.009714995635756729,NA,NA
Italy,1987,540.465,1295.208,1298.067,41.72804676932199,0.0609248796373878,NA,NA,NA,-0.002204934808925252,NA,NA
Italy,1988,601.286,1347.392,1330.354,44.625914358998706,0.0671412426099458,NA,NA,NA,0.012725799934486304,NA,NA
Italy,1989,660.714,1391.215,1360.657,47.49186861843785,0.0622437796787807,NA,NA,NA,0.022209794724764365,NA,NA
Italy,1990,730.881,1418.795,1392.313,51.514207478881715,0.08129913359379559,NA,NA,NA,0.018841526848569323,NA,NA
Italy,1991,798.633,1439.211,1424.096,55.491029459891564,0.07436373333535728,NA,NA,NA,0.01055782031226915,NA,NA
Italy,1992,840.907,1449.615,1453.13,58.00898859352311,0.04437659795398741,NA,NA,NA,-0.0024218467127195,NA,NA
Italy,1993,866.804,1437.51,1471.435,60.29898922442278,0.0387173668559484,NA,NA,NA,-0.023325664915860855,NA,NA
Italy,1994,917.028,1467.328,1494.118,62.4964561434117,0.03579451228407571,NA,NA,NA,-0.018093006470659034,NA,NA
Italy,1995,990.521,1506.6929999999998,1518.089,65.74139522782677,0.0506189380044999,988.2432,NA,NA,-0.007535124131401005,NA,NA
Italy,1996,1047.745,1526.967,1540.749,68.61608666068093,0.042798215234141956,1045.8699,68.8813460602077,1518.3644917244033,-0.008985246824433801,1606.7619854434158,-0.05658720139776463
Italy,1997,1095.092,1556.372,1567.49,70.3618415134685,0.025124085591514245,1092.3573,70.6498490942342,1546.156593403323,-0.007118142186699927,1616.8121692347593,-0.04468417938995817
Italy,1998,1141.257,1584.455,1593.211,72.02836306490245,0.023408880642912244,1138.8561,72.3473364747756,1574.150695094449,-0.005510977025652508,1626.8071045925283,-0.032903376635908366
Italy,1999,1177.55,1611.042,1619.384,73.09244575870773,0.014665047319105895,1175.1494,73.4587747051394,1599.7399966402963,-0.00516465540002109,1636.647383348254,-0.022808757059610052
Italy,2000,1244.744,1673.5839999999998,1645.015,74.37595005688391,0.017407617436763445,1241.5128,74.7755446663634,1660.3193002998946,0.01721793189652754,1646.2006870775306,0.008539914521729308
Italy,2001,1308.623,1707.164,1667.138,76.65479122099576,0.03017947348156369,1304.1369,77.0439734460763,1692.7176022570748,0.023725130397143523,1655.3116302392602,0.022345998761318597
Italy,2002,1355.522,1711.772,1684.913,79.18823301234042,0.03251560356595551,1350.2589,79.5667178367738,1697.0147025166636,0.01581516085666923,1663.8336514256098,0.019746281736293447
Italy,2003,1399.386,1712.911,1700.222,81.69636367563756,0.031181777915508135,1394.6932,82.0713455045683,1699.3668026587525,0.007435431587287766,1671.6435679612564,0.016448397773704215
Italy,2004,1457.356,1738.16,1717.877,83.84475537349842,0.025957445969580384,1452.3191,84.2628649176215,1723.557704120126,0.011737856323585483,1678.6389353278096,0.02640727967465839
Italy,2005,1499.073,1751.412,1726.705,85.5922535645525,0.02062784472061452,1493.6354,85.9570678173769,1737.6528049716112,0.01420735161499298,1684.7346360285649,0.03092717453161331
Italy,2006,1559.864,1782.928,1736.503,87.48889467213482,0.02191708396454839,1552.6867,87.7835233084702,1768.767806851268,0.026383635872442746,1689.8736267973122,0.045629400740453185
Italy,2007,1621.715,1808.999,1748.97,89.64709212111228,0.02436889634398831,1614.8398,89.9597515464738,1795.069208440136,0.03374661039071292,1694.0319382234306,0.0579321276460556
Italy,2008,1643.719,1790.491,1753.788,91.80269546174765,0.023760895903748747,1637.6994,92.1194911902901,1777.7990073968433,0.020711863860428004,1697.2349097588344,0.04637568332783282
Italy,2009,1584.107,1695.503,1749.646,93.42991430861521,0.01756991610860581,1577.2559,93.6660600472486,1683.9140017252507,-0.03143402978707055,1699.5710291493217,-0.009255036768608171
Italy,2010,1617.945,1721.429,1749.046,93.9884828244441,0.0059606759868273684,1611.2795,94.0748275280139,1712.7637034680592,-0.015915736589913188,1701.179136701716,0.0067866462754127
Italy,2011,1657.362,1733.4,1754.772,95.61336102457598,0.01714031834396046,1648.7558,95.5868508196125,1724.877204199836,-0.01225413623018401,1702.1882870806994,0.013241210988967467
Italy,2012,1632.899,1679.228,1742.271,97.24105362702385,0.016880414751256012,1624.3587,97.0659278062121,1673.4592010936747,-0.03685527065087779,1702.7347753051838,-0.017342787876494015
Italy,2013,1621.261,1648.699,1733.241,98.33577869580803,0.011194950741031384,1612.7503,98.1799860404393,1642.6466992322908,-0.05000657422332022,1702.9690769672798,-0.03606446155052545
Italy,2014,1635.871,1648.676,1725.616,99.22331616400069,0.008985093193135896,1627.4056,99.0766796778748,1642.5717992277675,-0.045611546631644906,1703.0233704252164,-0.03614194087621403
Italy,2015,1663.278,1663.278,1725.719,99.99999999999999,0.007797157339488159,1655.355,100,1655.355,-0.03685342122679547,1702.9921325511382,-0.02837129457385945
Italy,2016,1704.857,1683.839,1724.726,101.24821909933195,0.0124049307014662,1695.7868,101.134404225989,1676.7655012934022,-0.023991891738206483,1702.9320579851912,-0.01548486459773546
Italy,2017,1744.493,1710.843,1728.418,101.96686662656947,0.007072806829332201,1736.5928,101.868998069809,1704.7314029828233,-0.010220307782591753,1702.870068159677,0.0010924605028082013
Italy,2018,1777.744,1724.986,1734.856,103.05845960488953,0.010648472683901566,1771.3911,102.957128895626,1720.5133039362129,-0.005705478327856284,1702.8167304089648,0.010338898666396368
Italy,2019,1804.067,1732.389,1741.614,104.13752338533668,0.01041596966032099,1796.6484,103.922971783032,1728.8270044384426,-0.00531088872577179,1702.7837754016884,0.01517871968685558
Italy,2020,1670.012,1578.757,1746.632,105.78018023039643,0.015650803596265916,1661.2397,105.564076613374,1573.678995065956,-0.10105153357933272,1702.793994164936,-0.07885424087814474
Italy,2021,1842.507,1719.757,1747.431,107.13763630559434,0.012751159013973279,1822.3447,106.912999770676,1704.5118029695684,-0.01596370759296839,1702.886454743944,9.540113752297685e-4
Italy,2022,1997.055,1799.927,1769.402,110.95199971998865,0.034983344356966484,1946.4791,110.094952614439,1768.0003068049084,0.01710447213099009,1703.0195283095115,0.037446269127820564
Italy,2023,2128.001,1812.484,1788.807,117.40798815327476,0.05655727444035108,NA,NA,NA,0.013149362912611373,NA,NA
Italy,2024,2176.571,1824.605,1812.218,119.28998331145644,0.015902416124244034,NA,NA,NA,0.006812015817121875,NA,NA
Italy,2025,2240.943,1843.538,1831.326,121.55664814069469,0.01882303057077639,NA,NA,NA,0.00664625681553499,NA,NA
Italy,2026,2308.816,1865.789,1847.619,123.74475356002205,0.017840611109828153,NA,NA,NA,0.009786236800352732,NA,NA
Spain,1960,4.555,174.98299999999998,NA,2.6031100164015935,-3.861514114723202,NA,NA,NA,NA,NA,NA
Spain,1961,5.188,195.697,NA,2.6510370623974815,0.0182440173915438,NA,NA,NA,NA,NA,NA
Spain,1962,5.995,213.905,NA,2.8026460344545474,0.05561307549948136,NA,NA,NA,NA,NA,NA
Spain,1963,7.075,232.64,NA,3.0411795048143055,0.0816814519288982,NA,NA,NA,NA,NA,NA
Spain,1964,7.988,247.035,NA,3.2335499018357727,0.06133513937514068,NA,NA,NA,NA,NA,NA
Spain,1965,9.266,262.483,264.224,3.5301333800665184,0.08775508040539526,NA,NA,NA,-0.0066109102052447355,NA,NA
Spain,1966,10.749,281.502,280.394,3.8184453396423472,0.0785077056760004,NA,NA,NA,0.003943795421601948,NA,NA
Spain,1967,12.172,293.72,297.398,4.144082799945526,0.08183812481063168,NA,NA,NA,-0.012444376470469365,NA,NA
Spain,1968,13.742,313.097,315.902,4.389055149043268,0.057432490474434994,NA,NA,NA,-0.008918992222305633,NA,NA
Spain,1969,15.735,340.986,335.103,4.614558955499639,0.050102319868387646,NA,NA,NA,0.017403473467564545,NA,NA
Spain,1970,17.378,355.463,354.224,4.888835124893449,0.057737763558457944,NA,NA,NA,0.0034916836825491515,NA,NA
Spain,1971,19.612,371.989,373.393,5.272198909107527,0.07549346649291588,NA,NA,NA,-0.0037672003360427198,NA,NA
Spain,1972,23.018,402.303,394.133,5.72155812907187,0.08179364265129885,NA,NA,NA,0.020517120261502875,NA,NA
Spain,1973,27.75,433.637,415.868,6.3993616780855875,0.11195707910745267,NA,NA,NA,0.04183987637196207,NA,NA
Spain,1974,33.984,458.001,437.028,7.420071135215863,0.14799039649729595,NA,NA,NA,0.04687410124838198,NA,NA
Spain,1975,39.9,460.4839999999999,454.79,8.664796170985312,0.15507975554507603,NA,NA,NA,0.012442336301430323,NA,NA
Spain,1976,48.016,475.697,471.108,10.0938202259001,0.1526549781287172,NA,NA,NA,0.009693729828264885,NA,NA
Spain,1977,60.925,489.202,485.623,12.453955625692455,0.21011491562381712,NA,NA,NA,0.007342889402787378,NA,NA
Spain,1978,74.571,496.357,497.189,15.023662404277564,0.1875881583973733,NA,NA,NA,-0.0016748096101819598,NA,NA
Spain,1979,87.232,496.566,507.603,17.5670505028536,0.1563985651131805,NA,NA,NA,-0.021983240823908012,NA,NA
Spain,1980,100.229,503.02400000000006,516.742,19.925291834982026,0.12596485434533244,NA,NA,NA,-0.026905834388898597,NA,NA
Spain,1981,112.457,502.35200000000003,522.883,22.386095805331717,0.11645017191331997,NA,NA,NA,-0.040056660480880524,NA,NA
Spain,1982,129.325,508.613,528.875,25.42699459117246,0.12737134569806718,NA,NA,NA,-0.03906469601709528,NA,NA
Spain,1983,147.256,517.622,537.857,28.448558987060057,0.11228611971656344,NA,NA,NA,-0.03834747942698069,NA,NA
Spain,1984,166.168,526.853,544.505,31.539727400242572,0.10315042994111057,NA,NA,NA,-0.03295555281761864,NA,NA
Spain,1985,184.64,539.083,555.116,34.250755449531894,0.08246068287341535,NA,NA,NA,-0.029307552993900643,NA,NA
Spain,1986,211.386,556.625,571.15,37.976375477206375,0.10325564703819268,NA,NA,NA,-0.025760108538089632,NA,NA
Spain,1987,236.373,587.501,587.909,40.2336336448789,0.05773903523090018,NA,NA,NA,-6.942258724809136e-4,NA,NA
Spain,1988,263.159,617.429,609.461,42.62174274289028,0.05766121243998423,NA,NA,NA,0.012989122134777098,NA,NA
Spain,1989,294.89,647.236,632.763,45.561433542015585,0.06669708691498588,NA,NA,NA,0.02261504397153402,NA,NA
Spain,1990,328.459,671.722,655,48.89805604104079,0.07067603891899132,NA,NA,NA,0.025209328818195154,NA,NA
Spain,1991,360.184,688.807,677.587,52.290990074142684,0.06708644038437805,NA,NA,NA,0.016423157869799532,NA,NA
Spain,1992,387.927,695.214,699.531,55.79965305646895,0.06494356942887558,NA,NA,NA,-0.0061903986549278756,NA,NA
Spain,1993,401.342,688.044,714.499,58.330862561115275,0.04436367652126183,NA,NA,NA,-0.037728808412038184,NA,NA
Spain,1994,426.852,704.44,732.632,60.59451479189142,0.038073045730056876,NA,NA,NA,-0.039240368507564405,NA,NA
Spain,1995,460.259,723.865,751.298,63.58354112990682,0.04815027559600793,460.588,64.316465204477,716.1276642546876,-0.037197466408400714,766.8015594446497,-0.06836959177555801
Spain,1996,488.946,742.739,767.658,65.83012336769714,0.03472288592336259,489.203,66.5418735864147,735.1806819275922,-0.03299961706190491,789.2689631860673,-0.07099085923828863
Spain,1997,518.971,769.383,785.401,67.45288107483529,0.0243517604592407,519.268,68.1095012133212,762.4017071768527,-0.02060552044464181,811.7046957429912,-0.0626630072708414
Spain,1998,555.559,802.4820000000001,805.422,69.23008864996348,0.026006279230953666,555.993,69.8576046911476,795.8947382438033,-0.0036569388177820628,834.0432807551412,-0.046818357689150325
Spain,1999,595.242,837.862,829.118,71.04296411580904,0.02584924721382098,595.723,71.6328533654172,831.6337713940657,0.010490923942136021,856.1884274943825,-0.029098312193949205
Spain,2000,647.569,881.436,852.947,73.46750076012324,0.0335583194887743,647.851,74.0181362403964,875.2598118600378,0.032854983770080004,878.0200023935121,-0.003148605021681128
Spain,2001,700.958,915.9799999999999,881.235,76.5254699884277,0.040780484539714834,700.993,77.0588852594629,909.6848437914789,0.03867019766960933,899.4025252252636,0.011367532012200421
Spain,2002,749.744,941.2199999999999,908.303,79.65661588151549,0.040101468376303906,749.552,80.2065758194081,934.5268668340608,0.03559888271998979,920.1987906432872,0.01545065295049497
Spain,2003,802.683,968.8849999999999,940.505,82.84605500136756,0.03925903176015666,802.266,83.3615015743506,962.3938926825284,0.02972896074922371,940.2780197503372,0.023248221490263177
Spain,2004,860.059,999.061,972.104,86.08673544458246,0.03837121310656677,859.437,86.5976926542821,992.4479205595813,0.027353043223902418,959.5183886967878,0.033743058058458786
Spain,2005,928.122,1034.54,1006.653,89.71349585322946,0.04126587350222799,927.357,90.1491448662867,1028.6919541782652,0.027325917010610823,977.811896053593,0.05072601054489656
Spain,2006,1004.976,1076.371,1041.866,93.36706395843069,0.03991743557628524,1003.823,93.7365655977463,1070.8979933270937,0.03258186163703858,995.0711213491244,0.0734386082389964
Spain,2007,1077.541,1114.405,1081.123,96.69204642836311,0.03499250034464829,1075.539,96.939069108496,1109.500029132977,0.030320314474723276,1011.2404441480801,0.09273174984689092
Spain,2008,1112.432,1122.954,1113.078,99.06300703323556,0.02422493326376074,1109.541,99.1244814648829,1119.3410382611485,0.008833562507253312,1026.3116358101427,0.08676871422498067
Spain,2009,1072.99,1080.64,1126.683,99.29208617115782,0.002309789338592161,1069.323,99.2669093409803,1077.2199991911625,-0.04172445954809145,1040.3378799356137,0.03483810274318344
Spain,2010,1077.145,1081.657,1141.264,99.582862219724,0.002924212004793425,1072.709,99.4192635775358,1078.9750008190397,-0.05364229548049604,1053.4305035013247,0.02395953232977366
Spain,2011,1068.69,1074.735,1149.144,99.43753576463035,-0.0014604179510753212,1063.763,99.3996388753623,1070.1879926685222,-0.06694319782194924,1065.7238848086417,0.004180054811261158
Spain,2012,1035.964,1043.943,1146.354,99.23568623957438,-0.0020319758493014817,1031.104,99.2856235673781,1038.5229632971616,-0.093581580847375,1077.3683674697543,-0.03672189469651865
Spain,2013,1025.652,1029.042,1140.967,99.67056738208937,0.0043727316515740355,1020.677,99.6805550732726,1023.9479497778947,-0.10324787611796271,1088.5170851642656,-0.06115060260161087
Spain,2014,1038.949,1044.689,1140.174,99.45055418406818,-0.002209843795829336,1032.608,99.4575470762849,1038.23996303466,-0.08746164887101138,1099.29889319417,-0.05714567048747554
Spain,2015,1087.112,1087.112,1142.33,100,0.005509608214263828,1078.092,100,1078.092,-0.049545397506213895,1109.8022911518456,-0.028989071306791736
Spain,2016,1122.967,1118.803,1145.828,100.37218348538572,0.003714925963709703,1114.42,100.322004956909,1110.8430303787025,-0.02386815598181613,1120.0776167983208,-0.008278769730877933
Spain,2017,1170.024,1151.204,1152.423,101.63481016396746,0.012500984235934709,1162.492,101.625489157988,1143.89806103937,-0.0010583311567193832,1130.1553889626543,0.012086645877607438
Spain,2018,1212.276,1178.78,1160.759,102.8415819745839,0.011803668963904279,1203.859,102.891197947316,1170.0310852794416,0.01540590383554008,1140.0603548573922,0.02594911320929061
Spain,2019,1253.71,1201.898,1172.044,104.31084834153981,0.014185602391095564,1245.513,104.38048985086,1193.243106810097,0.02515274083104302,1149.825850865129,0.03706440319010884
Spain,2020,1129.214,1070.41,1175.731,105.49359591184685,0.011274881273553028,1119.01,105.567879135266,1059.9909832101416,-0.0938483291643788,1159.5039450749723,-0.08973187841864139
Spain,2021,1235.474,1141.947,1186.45,108.19013491869588,0.025239938935709638,1222.29,108.372104257967,1127.8640461667912,-0.03823095490613504,1169.173841360996,-0.03597176153161463
Spain,2022,1373.629,1212.511,1208.026,113.2879619236444,0.04604272506641838,1346.377,112.861227073462,1192.94910653739,0.0037057934934869863,1178.8525479961077,0.011886933715536507
Spain,2023,1498.324,1244.954,1235.864,120.35175596849362,0.06048584181933414,NA,NA,NA,0.00732826082388538,NA,NA
Spain,2024,1589.85,1281.891,1265.806,124.02380545615812,0.03005477202672857,NA,NA,NA,0.012627258049692891,NA,NA
Spain,2025,1666.946,1311.965,1296.381,127.0572004588537,0.024163855709494975,NA,NA,NA,0.011949477129319597,NA,NA
Spain,2026,1735.332,1339.646,1326.044,129.5366089250444,0.019326153216971065,NA,NA,NA,0.010205326239980828,NA,NA
Netherlands,1960,23.032,153.5681,NA,14.99790646625178,-2.156052913145931,NA,14.7089715999198,NA,NA,NA,NA
Netherlands,1961,24.317,158.2719,NA,15.36406652096803,0.024120817693943586,NA,15.4835044761617,NA,NA,NA,NA
Netherlands,1962,26.178,164.5625,NA,15.90763387770604,0.034767671962132596,NA,15.6004175372238,NA,NA,NA,NA
Netherlands,1963,28.401,170.5273,NA,16.654811282416365,0.04590002849364705,NA,16.3337898936773,NA,NA,NA,NA
Netherlands,1964,33.419,184.63870000000003,NA,18.09967249552775,0.08319470334360313,NA,17.7508763912689,NA,NA,NA,NA
Netherlands,1965,37.324,194.3297,191.7456,19.206534050122034,0.05935669231186447,NA,18.8365719713949,NA,0.013386707670552056,NA,NA
Netherlands,1966,40.642,199.6569,202.5871,20.355920581758006,0.058121271002764985,NA,19.9634644661846,NA,-0.014569524133934308,NA,NA
Netherlands,1967,44.588,210.198,213.9166,21.21238070771368,0.041213199612772033,NA,20.8033747786373,NA,-0.017536275785527522,NA,NA
Netherlands,1968,49.44,223.686,225.1573,22.102411416002788,0.04110170955176207,NA,21.6764395279833,NA,-0.006555986331174601,NA,NA
Netherlands,1969,55.993,238.0666,236.3433,23.51988897224558,0.062159686033989914,NA,23.0664185531945,NA,0.007265057410451803,NA,NA
Netherlands,1970,62.785,252.6844,248.2661,24.847200697787436,0.054898695769522554,NA,24.4890778528898,NA,0.017640124407802382,NA,NA
Netherlands,1971,71.253,263.5927,259.9282,27.03147697185848,0.08425690252267204,NA,26.4736232965866,NA,0.013999669738039344,NA,NA
Netherlands,1972,79.792,272.9077,270.401,29.237723963083493,0.07845779126838526,NA,28.9531648532031,NA,0.009227600392961222,NA,NA
Netherlands,1973,91.272,287.7655,280.605,31.717492194165047,0.08140854091552363,NA,31.5613401978732,NA,0.025197925885583672,NA,NA
Netherlands,1974,106.585,297.6609,289.8102,35.80752460266027,0.12128972282525474,NA,34.4512229797873,NA,0.026728693165832595,NA,NA
Netherlands,1975,115.216,297.6669,297.7907,38.70635263779748,0.07784568165908734,NA,37.9657845681922,NA,-4.1581466684981194e-4,NA,NA
Netherlands,1976,131.173,310.9319,305.9464,42.18705124819937,0.0861095940845158,NA,41.3663200534419,NA,0.01616399392968937,NA,NA
Netherlands,1977,141.667,318.7687,313.577,44.441941759024644,0.052070326267870115,NA,44.7272419206701,NA,0.016420817468606685,NA,NA
Netherlands,1978,153.248,327.3635,320.8468,46.8127937292948,0.05197287808450435,NA,47.097846467195,NA,0.020107423660540746,NA,NA
Netherlands,1979,163.794,333.9572,327.9672,49.046404748872014,0.0466103497976853,NA,49.0289801159615,NA,0.01809923766920818,NA,NA
Netherlands,1980,176.325,338.4386,335.1605,52.09955365611369,0.060389496014950694,NA,51.7254998479668,NA,0.009733165852095382,NA,NA
Netherlands,1981,186.123,335.7866,340.0965,55.428953984465124,0.061945710664263576,NA,54.5186119967915,NA,-0.012753561727294915,NA,NA
Netherlands,1982,192.312,331.6203,343.2391,57.99162475879794,0.04519650708352252,NA,57.4628449254261,NA,-0.03443664914074507,NA,NA
Netherlands,1983,199.02,338.4847,348.5146,58.797340027481305,0.01379801684420734,NA,58.669333115091,NA,-0.029201231232112157,NA,NA
Netherlands,1984,209.845,348.848,352.8769,60.15370591203045,0.02280643544191374,NA,59.4906591326953,NA,-0.011482973656363527,NA,NA
Netherlands,1985,217.123,357.8489,358.9441,60.674491384492164,0.008620317261509136,NA,60.5616505198644,NA,-0.0030558357915326795,NA,NA
Netherlands,1986,223.647,367.822,366.5346,60.80305147598567,0.0021166075055898403,NA,60.6220605759852,NA,0.0035062020791603032,NA,NA
Netherlands,1987,225.578,374.9256,374.9372,60.16607028167722,-0.01053139962266414,NA,60.1977350283274,NA,-3.0938993108797774e-5,NA,NA
Netherlands,1988,235.253,387.8276,385.0308,60.65916917723235,0.008162228940947536,NA,60.9627957342509,NA,0.007237579894631807,NA,NA
Netherlands,1989,248.963,404.97,396.3699,61.47689952342148,0.013390680964449508,NA,61.7841783550455,NA,0.021465124116704537,NA,NA
Netherlands,1990,263.424,421.9109,408.5919,62.43593137792836,0.015479446271754682,NA,62.7482944429432,NA,0.03207729590412445,NA,NA
Netherlands,1991,278.26,432.2018,421.655,64.38196231482608,0.03069257258220226,NA,64.7037168708787,NA,0.02470516467610473,NA,NA
Netherlands,1992,290.071,439.5754999999999,435.289,65.98889155560309,0.02465291249799595,NA,66.3182006381226,NA,0.009799310182099674,NA,NA
Netherlands,1993,298.411,445.1034,448.9166,67.0430735869463,0.01584888408638019,NA,67.3786990926768,NA,-0.008530509661357932,NA,NA
Netherlands,1994,313.585,458.2833,463.114,68.42601508717424,0.020417787666768383,NA,68.7692668797124,NA,-0.010485692243951128,NA,NA
Netherlands,1995,330.032,472.56359999999995,478.266,69.83864182514269,0.020434374543817135,329.547,70.1885763663302,469.5165752900003,-0.01199472201634233,500.04702664321104,-0.06299854512868386
Netherlands,1996,345.3,488.72800000000007,494.6264,70.65279664762403,0.011590228491168197,344.625,70.9218534989304,485.92215656799976,-0.011996632629927895,512.1133021637025,-0.052497454445381564
Netherlands,1997,369.66,509.4915,511.9825,72.55469423925621,0.026562987856288522,369.046,72.7972286153399,506.95061751600014,-0.004877275266824022,524.1604961520983,-0.03338433029207177
Netherlands,1998,394.839,533.1716,530.4579,74.0547696088839,0.0204642685513452,394.295,74.3087427676572,530.6172400640003,0.005102727760439407,536.1531576103052,-0.010378929249205804
Netherlands,1999,420.143,560.0611,549.5891,75.0173507854768,0.012914481293889502,419.459,75.263599126128,557.3198795570001,0.018874976814361233,548.0450793660826,0.016781819952682575
Netherlands,2000,452.191,583.6943,567.9816,77.47051838607983,0.03217802547748683,452.007,77.835145069394,580.7235273949996,0.02728836304143112,559.7865942987235,0.03671915764357525
Netherlands,2001,482.941,597.2569,585.6305,80.8598443986164,0.04281988381573143,481.881,81.091644826155,594.2424784120002,0.019658294466063708,571.3338320376401,0.039313765514025434
Netherlands,2002,502.901,598.7249,600.1499,83.99533742458347,0.03804395057252119,501.137,84.1496092429359,595.5309888050002,-0.002377230167958544,582.6560077954299,0.021856451614183925
Netherlands,2003,514.901,599.3106,612.6623,85.91555030062875,0.02260355010085746,512.81,85.9744101070721,596.4681808939996,-0.022033892300253655,593.7366546886742,0.004590018321841249
Netherlands,2004,531.573,611.3946,623.9118,86.94434003833203,0.011903303686880307,529.286,87.0112141263755,608.2963044639997,-0.020266434995962257,604.5673526970858,0.0061490234196517335
Netherlands,2005,553.122,623.8301,633.8128,88.66548760632101,0.019602578111810764,550.883,88.7451418903915,620.7472186820004,-0.015875587043544748,615.1413890042551,0.009071801598215856
Netherlands,2006,587.444,645.8973,645.4547,90.95006280410213,0.025439873146172687,584.546,91.0173360568283,642.2358918910002,6.854831484073287e-4,625.4543813886269,0.02647727324077831
Netherlands,2007,622.775,670.9924,658.3556,92.81401696949176,0.020287077817609855,619.17,92.9041384864716,666.4611610280003,0.019012599649053108,635.5054512721952,0.047561196375499826
Netherlands,2008,651.299,685.1961,669.9862,95.05293448109234,0.02383626816768558,647.198,95.0453568102238,680.9359465000003,0.02244795950697487,645.304208521017,0.053746396996929846
Netherlands,2009,630.173,660.0817,677.4109,95.46893967822469,0.0043670141299791965,624.842,95.2554425009594,655.9646184979998,-0.025914415951973524,654.8796103197482,0.0016554345698507333
Netherlands,2010,643.022,668.7903,682.2518,96.14702844822959,0.00707761056902978,639.187,96.1529092790466,664.7609570969997,-0.019928239837228467,664.2828836892799,7.194246174107022e-4
Netherlands,2011,656.013,680.6502,687.9181,96.38034338342955,0.002423707831202826,650.359,96.3405591839053,675.0625131399999,-0.010621272354550904,673.5659337806156,0.002219410360384977
Netherlands,2012,658.232,673.9943,691.5743,97.66136004414281,0.013203710840012484,652.966,97.7345563426609,668.1014621999997,-0.025748939007211646,682.7809645406385,-0.021734060479465356
Netherlands,2013,665.567,673.7905,694.8039,98.77951677858326,0.011384278351427746,660.463,98.9823918593575,667.2530210609997,-0.030710415743427255,691.981115278331,-0.036389349280866234
Netherlands,2014,678.627,684.6562,699.3926,99.11938283769284,0.003434747680750583,671.56,99.2323273902402,676.755264803,-0.02129542961659059,701.2103506137131,-0.035498206220967
Netherlands,2015,699.175,699.175,709.8845,100,0.008845175102117686,690.008,100,690.008,-0.015201212192485158,710.4971801079187,-0.029261786918288735
Netherlands,2016,720.175,716.125,719.8859,100.56554372490837,0.005639505303697945,708.337,100.454667288773,705.131000000002,-0.0052379945010878615,719.85482889345,-0.020665963990334824
Netherlands,2017,750.861,736.0444,732.2884,102.013003563372,0.014290599782253999,738.146,101.721020306912,725.657290668999,0.005116017557251773,729.2837163652418,-0.004984990028417791
Netherlands,2018,787.273,752.6697,745.8119,104.5974083983984,0.025018483943898495,773.987,104.200254790686,742.7880109840031,0.009153062510717902,738.7750595251707,0.005417199378676685
Netherlands,2019,829.767,769.9818,761.5299,107.764495212744,0.029829471254429585,813.055,107.360259512728,757.3146746199966,0.01103744203104462,748.3178088590528,0.011951087590731824
Netherlands,2020,816.463,740.1992,775.5649,110.30314542355626,0.023284196566487836,796.53,109.429114114951,727.8958679710012,-0.04667232789571951,757.9034229473662,-0.040397967700974924
Netherlands,2021,891.55,786.6603,790.7601,113.33354435199031,0.027102748030830348,870.587,112.62901032893,772.9687026969997,-0.005198118689892617,767.5289834116894,0.0070623175143715855
Netherlands,2022,993.82,826.0502,807.2752,120.3098794722161,0.05973555236505135,958.549,118.866200900385,806.4100583170025,0.022990920246448887,777.1728171517409,0.03692962881707196
Netherlands,2023,1067.599,826.6660999999999,825.2773,129.14512884948348,0.07086605859606365,NA,NA,NA,0.0016814139360903368,NA,NA
Netherlands,2024,1130.755,833.6212,841.2346,135.64374322534024,0.049095111811849,NA,NA,NA,-0.009091472161731673,NA,NA
Netherlands,2025,1182.77,846.5533000000001,855.3348,139.7159517303872,0.029579531716378504,NA,NA,NA,-0.010319806495513006,NA,NA
Netherlands,2026,1228.047,858.9572,868.4036,142.96952164787723,0.023020026854783104,NA,NA,NA,-0.010937488186004707,NA,NA
United States,1949,272.475,2257.352,2352.817952,12.070558778604314,-2.471862143345433,NA,NA,NA,-0.04142129337339551,NA,NA
United States,1950,299.827,2559.214,2475.398448,11.715589239508693,-0.02984896030679307,NA,NA,NA,0.033298807943517694,NA,NA
United States,1951,346.914,2699.156,2608.829348,12.852684320580211,0.09263231750700163,NA,NA,NA,0.03403753650406394,NA,NA
United States,1952,367.341,2843.941,2764.659594,12.91661817175532,0.0049620266108578726,NA,NA,NA,0.02827325137889236,NA,NA
United States,1953,389.218,2858.845,2872.154175,13.61451915021626,0.0526220951741343,NA,NA,NA,-0.004644634738113496,NA,NA
United States,1954,390.549,2936.852,2944.378518,13.298218636826096,-0.0235067186769915,NA,NA,NA,-0.0025595059013108212,NA,NA
United States,1955,425.478,3130.068,3019.152595,13.59325100924325,0.021943331072620254,NA,NA,NA,0.036078535225925634,NA,NA
United States,1956,449.353,3192.57,3098.206236,14.074961551352045,0.034824022074909866,NA,NA,NA,0.030002924604438874,NA,NA
United States,1957,474.039,3203.894,3202.258287,14.7957142152643,0.04994011645983942,NA,NA,NA,5.106694197269945e-4,NA,NA
United States,1958,481.229,3289.032,3318.540646,14.631326177428495,-0.01117270005236648,NA,NA,NA,-0.008931825273167604,NA,NA
United States,1959,521.654,3439.832,3456.278305,15.165101086332124,0.03583194815212254,NA,NA,NA,-0.0047697427832993355,NA,NA
United States,1960,542.382,3470.278,3599.087586,15.629353037422362,0.030153944333566773,NA,NA,NA,-0.03644565898178875,NA,NA
United States,1961,562.209,3692.289,3730.888343,15.226570834514847,-0.0261087682626866,NA,NA,NA,-0.010399776028396701,NA,NA
United States,1962,603.922,3851.421,3891.361104,15.680498184955633,0.02937580346266655,NA,NA,NA,-0.010316823519278984,NA,NA
United States,1963,637.45,4050.147,4062.253653,15.738934907794707,0.003719786416772397,NA,NA,NA,-0.002984729799633712,NA,NA
United States,1964,684.46,4259.046,4241.580675,16.070735089501262,0.02086234883754967,NA,NA,NA,0.00410919106168528,NA,NA
United States,1965,742.289,4619.458,4429.355723,16.06874659321505,-1.2374165261164194e-4,NA,NA,NA,0.042023243702631774,NA,NA
United States,1966,813.414,4827.537,4624.43624,16.84946174415649,0.04744253230220297,NA,NA,NA,0.04298193023308983,NA,NA
United States,1967,859.959,4956.477,4838.050221,17.35020660844386,0.0292857022684454,NA,NA,NA,0.02418341344571573,NA,NA
United States,1968,940.651,5202.212,5058.945297,18.081750609163944,0.0412987614151934,NA,NA,NA,0.027925897507564912,NA,NA
United States,1969,1017.615,5308.556,5260.569982,19.169337198288954,0.05840880550920646,NA,NA,NA,0.009080476059303066,NA,NA
United States,1970,1073.303,5299.672,5432.862072,20.25225334699959,0.05495408224280807,NA,NA,NA,-0.024821148317609953,NA,NA
United States,1971,1164.85,5531.032,5617.173967000001,21.06026506445813,0.03912202902639983,NA,NA,NA,-0.01545426801769878,NA,NA
United States,1972,1279.11,5912.22,5794.836986,21.635020347686652,0.026925221391749243,NA,NA,NA,0.020054049118900963,NA,NA
United States,1973,1425.376,6150.131,5987.7712280000005,23.176351853318245,0.06881912797343759,NA,NA,NA,0.026754121653846497,NA,NA
United States,1974,1545.243,6030.464,6193.950644,25.62394867127969,0.10039496700624939,NA,NA,NA,-0.026749156793703932,NA,NA
United States,1975,1684.904,6184.53,6390.22425,27.243848764578715,0.06130035306300963,NA,NA,NA,-0.032718349012450076,NA,NA
United States,1976,1873.412,6451.177,6585.224886,29.03984807733535,0.06384119622851792,NA,NA,NA,-0.020565891084677546,NA,NA
United States,1977,2081.826,6774.592,6801.571706999999,30.72990963883877,0.05656747720501487,NA,NA,NA,-0.003974575307040595,NA,NA
United States,1978,2351.599,7225.75,7040.228437999999,32.54470470193406,0.057378237800990384,NA,NA,NA,0.026010416616323084,NA,NA
United States,1979,2627.333,7318.534999999999,7278.140549,35.89971216917047,0.09811460443803943,NA,NA,NA,0.005534760841017672,NA,NA
United States,1980,2857.307,7315.677,7440.202161,39.05731485958169,0.08430090120099276,NA,NA,NA,-0.016878440907914793,NA,NA
United States,1981,3207.041,7410.768,7614.916401,43.27542030731498,0.102554634397936,NA,NA,NA,-0.027174930423893073,NA,NA
United States,1982,3343.789,7303.817,7848.883640000001,45.781390744045204,0.05629287943020733,NA,NA,NA,-0.07197422200206027,NA,NA
United States,1983,3634.038,7880.794000000001,8101.783429999999,46.11258713271784,0.007208259569924991,NA,NA,NA,-0.027655553771289476,NA,NA
United States,1984,4037.613,8320.199,8390.357347,48.52784170186314,0.051051736455708596,NA,NA,NA,-0.008396938770092177,NA,NA
United States,1985,4338.979,8668.188,8689.681432,50.05635549205901,0.03101179161290224,NA,NA,NA,-0.002476507047052934,NA,NA
United States,1986,4579.631,8920.193,8980.832855,51.34004387573229,0.025321549495787465,NA,NA,NA,-0.006775040430017754,NA,NA
United States,1987,4855.215,9319.332,9270.501462,52.098315630347756,0.014661588631144973,NA,NA,NA,0.005253479048761278,NA,NA
United States,1988,5236.438,9673.405,9563.580516,54.1323143195183,0.03829869605061864,NA,NA,NA,0.01141817953771529,NA,NA
United States,1989,5641.58,9938.767,9860.011412,56.76337919985447,0.04746007066540603,NA,NA,NA,0.00795564269123794,NA,NA
United States,1990,5963.144,9998.704,10143.60708,59.63916923633303,0.049421174759701536,NA,NA,NA,-0.01438817812231008,NA,NA
United States,1991,6158.129,10115.329,10403.44307,60.87917654482618,0.020578627427965124,NA,NA,NA,-0.028084819738360522,NA,NA
United States,1992,6520.327,10558.648,10665.78356,61.75342714332366,0.0142582866762071,NA,NA,NA,-0.01009557967572583,NA,NA
United States,1993,6858.559,10833.987,10947.42502,63.305955600648225,0.024829935777940015,NA,NA,NA,-0.010416133308837061,NA,NA
United States,1994,7287.236,11279.932000000003,11247.90841,64.60354548236637,0.020289882867785103,NA,NA,NA,0.0028430254287297174,NA,NA
United States,1995,7639.749,11528.066999999997,11568.46189,66.2708587658278,0.025480971696739907,NA,NA,NA,-0.0034979222531568155,NA,NA
United States,1996,8073.122,12037.774999999998,11941.25553,67.06490194408852,0.011910571643168666,NA,NA,NA,0.008050366435904621,NA,NA
United States,1997,8577.552,12577.495,12406.57853,68.19761804715485,0.016748801994316942,NA,NA,NA,0.013682247303570705,NA,NA
United States,1998,9062.817,13191.669999999998,12935.63458,68.70105907743296,0.007354976839065053,NA,NA,NA,0.019599696207214024,NA,NA
United States,1999,9631.172,13827.980000000001,13503.54349,69.64988378635202,0.013716416603005932,NA,NA,NA,0.023741943974492585,NA,NA
United States,2000,10250.952,14229.765,14059.35651,72.03880035966863,0.033723836062414136,NA,NA,NA,0.012047779649375201,NA,NA
United States,2001,10581.929,14253.574000000002,14510.93506,74.24053083107435,0.03010537090625398,NA,NA,NA,-0.017894824987870095,NA,NA
United States,2002,10929.108,14537.580000000002,14886.17624,75.17831716145328,0.012552615104683085,NA,NA,NA,-0.023695992340639904,NA,NA
United States,2003,11456.45,15162.760000000002,15254.33442,75.55649499167697,0.005017800709891773,NA,NA,NA,-0.00602126524048785,NA,NA
United States,2004,12217.196,15670.88,15643.39944,77.96113555843706,0.03132978597447078,NA,NA,NA,0.0017551460577092115,NA,NA
United States,2005,13039.197,16136.734,16014.16822,80.80443663507126,0.035821432425028554,NA,NA,NA,0.007624443812598969,NA,NA
United States,2006,13815.583,16561.866,16336.38318,83.41803393409897,0.03183264734175584,NA,NA,NA,0.0137081064508493,NA,NA
United States,2007,14474.228,16915.191,16658.2616,85.56940326597554,0.025463260558479917,NA,NA,NA,0.015305808365795315,NA,NA
United States,2008,14769.862,16485.35,16979.72738,89.5938636425675,0.04595905073380191,NA,NA,NA,-0.02954801767424975,NA,NA
United States,2009,14478.067,16502.754,17239.53132,87.73121746830861,-0.021009038013872328,NA,NA,NA,-0.043677803181491726,NA,NA
United States,2010,15048.971,16960.864,17492.53719,88.72762024387436,0.011293436800390744,NA,NA,NA,-0.030865771227265526,NA,NA
United States,2011,15599.732,17222.583,17776.28839,90.57719158618659,0.020631202568062612,NA,NA,NA,-0.0316439685748211,NA,NA
United States,2012,16253.97,17489.852,18088.02803,92.93371950774656,0.025684112743322274,NA,NA,NA,-0.03362945760420821,NA,NA
United States,2013,16880.683,18016.147,18422.91329,93.69752034105849,0.008185179483349181,NA,NA,NA,-0.022326766049719282,NA,NA
United States,2014,17608.138,18500.031,18777.72656,95.17896483524811,0.015687234684853557,NA,NA,NA,-0.01489900225061902,NA,NA
United States,2015,18295.019,18892.206,19150.9692,96.8389768775547,0.017290607163384486,NA,NA,NA,-0.013603869251213041,NA,NA
United States,2016,18804.913,19304.352,19528.05803,97.41281655038202,0.00590822181824624,NA,NA,NA,-0.011521741997455592,NA,NA
United States,2017,19612.102,19882.352,19914.26761,98.64075437352683,0.012526717820160016,NA,NA,NA,-0.0016039360706994188,NA,NA
United States,2018,20656.516,20304.874,20335.09873,101.73181079577247,0.03085553809322139,NA,NA,NA,-0.0014874387723349258,NA,NA
United States,2019,21539.982,20985.448,20763.9792,102.64246920056223,0.008911732256730254,NA,NA,NA,0.01060952890928668,NA,NA
United States,2020,21354.105,20771.691,21174.33034,102.80388341998733,0.0015713518451807573,NA,NA,NA,-0.01919856493143257,NA,NA
United States,2021,23681.171,21960.388,21606.08076,107.83584971267355,0.04778703205477175,NA,NA,NA,0.01626549323500015,NA,NA
United States,2022,26006.893,22249.459,22084.92536,116.88775443933265,0.08060394972606844,NA,NA,NA,0.007422428336582243,NA,NA
United States,2023,27720.709,22960.6,22588.18459,120.73164028814578,0.03235612312176528,NA,NA,NA,0.016352739698650254,NA,NA
United States,2024,29184.89,23542.349,23113.34,123.96762107298639,0.026450177458854363,NA,NA,NA,0.018390944426730726,NA,NA
