Country,Year,Annual total dep. ratio [(0-14 & 65+) / 15-64] (%),Annual total dep. ratio [(0-19 & 65+) / 20-64] (%),Annual total dep. ratio [(0-19 & 70+) / 20-69] (%),Annual total dep. ratio [(0-24 & 70+) / 25-69] (%),Annual total dep. ratio [(0-24 & 65+) / 25-64] (%),Annual child dep. ratio [0-14 / 15-64] (%),Annual child dep. ratio [0-19 / 20-64] (%),Annual child dep. ratio [0-19 / 20-69] (%),Annual child dep. ratio [0-24 / 25-69] (%),Annual child dep. ratio [0-24 / 25-64] (%),Annual old-age dep. ratio [65+ / 15-64] (%),Annual old-age dep. ratio [65+ / 20-64] (%),Annual old-age dep. ratio [70+ / 20-69] (%),Annual old-age dep. ratio [70+ / 25-69] (%),Annual old-age dep. ratio [65+ / 25-64] (%),Annual potential support ratio [15-64/65+],Annual potential support ratio [20-64/65+],Annual potential support ratio [20-69/70+],Annual potential support ratio [25-69/70+],Annual potential support ratio [25-64/65+]
Italy,1950,53.223,76.829,67.393,95.757,108.786,40.825,62.521,59.185,86.158,91.893,12.398,14.308,8.208,9.599,16.894,8.066,6.989,12.183,10.418,5.919
Italy,1951,53.001,76.072,66.58,94.427,107.481,40.436,61.612,58.291,84.751,90.442,12.565,14.459,8.289,9.675,17.039,7.959,6.916,12.064,10.336,5.869
Italy,1952,52.71,75.322,65.79,92.942,105.975,39.981,60.708,57.408,83.187,88.806,12.729,14.614,8.382,9.755,17.169,7.856,6.843,11.93,10.251,5.825
Italy,1953,52.189,74.485,64.886,91.296,104.338,39.288,59.694,56.41,81.462,87.016,12.901,14.791,8.477,9.834,17.322,7.751,6.761,11.797,10.169,5.773
Italy,1954,51.705,73.834,64.166,89.883,102.938,38.597,58.813,55.543,79.909,85.403,13.108,15.02,8.624,9.974,17.535,7.629,6.658,11.596,10.026,5.703
Italy,1955,51.41,73.428,63.725,88.718,101.728,38.07,58.148,54.895,78.54,83.955,13.34,15.28,8.83,10.178,17.773,7.496,6.545,11.325,9.825,5.627
Italy,1956,51.283,73.117,63.38,87.6,100.552,37.771,57.655,54.412,77.302,82.639,13.512,15.463,8.968,10.298,17.913,7.401,6.467,11.15,9.711,5.582
Italy,1957,51.445,72.936,63.156,86.819,99.754,37.75,57.298,54.057,76.401,81.691,13.694,15.638,9.098,10.418,18.063,7.302,6.395,10.991,9.599,5.536
Italy,1958,51.773,72.688,62.893,86.312,99.238,37.823,56.816,53.593,75.675,80.925,13.95,15.873,9.3,10.637,18.313,7.168,6.3,10.752,9.401,5.461
Italy,1959,52.206,72.384,62.59,85.961,98.885,37.965,56.255,53.059,75.06,80.277,14.241,16.129,9.531,10.901,18.608,7.022,6.2,10.492,9.174,5.374
Italy,1960,52.711,72.203,62.377,85.738,98.707,38.196,55.835,52.649,74.61,79.82,14.515,16.368,9.728,11.128,18.887,6.889,6.11,10.28,8.987,5.295
Italy,1961,52.925,72.288,62.356,85.66,98.764,38.16,55.654,52.445,74.327,79.573,14.765,16.635,9.911,11.333,19.191,6.773,6.012,10.09,8.824,5.211
Italy,1962,52.746,72.576,62.506,85.585,98.834,37.794,55.683,52.434,74.082,79.371,14.952,16.893,10.072,11.503,19.463,6.688,5.92,9.928,8.694,5.138
Italy,1963,52.519,72.918,62.713,85.257,98.602,37.439,55.821,52.527,73.66,78.965,15.08,17.097,10.186,11.597,19.636,6.631,5.849,9.817,8.623,5.093
Italy,1964,52.581,73.493,63.098,84.859,98.328,37.317,56.137,52.774,73.158,78.488,15.264,17.356,10.324,11.701,19.84,6.552,5.762,9.686,8.546,5.04
Italy,1965,52.914,74.275,63.581,84.516,98.237,37.398,56.591,53.119,72.715,78.122,15.516,17.684,10.462,11.801,20.115,6.445,5.655,9.558,8.474,4.971
Italy,1966,53.371,74.732,63.744,84.388,98.441,37.559,56.718,53.151,72.46,77.982,15.812,18.014,10.592,11.928,20.458,6.324,5.551,9.441,8.384,4.888
Italy,1967,53.946,74.773,63.555,84.587,99.002,37.803,56.445,52.822,72.474,78.134,16.143,18.327,10.733,12.113,20.868,6.194,5.456,9.317,8.256,4.792
Italy,1968,54.508,74.681,63.254,84.855,99.643,38.05,56.074,52.406,72.572,78.377,16.458,18.607,10.848,12.283,21.266,6.076,5.374,9.218,8.141,4.702
Italy,1969,55.064,74.754,63.077,85.198,100.405,38.272,55.829,52.099,72.73,78.702,16.792,18.925,10.978,12.468,21.703,5.955,5.284,9.109,8.021,4.608
Italy,1970,55.618,75.055,63.111,85.721,101.365,38.415,55.703,51.903,72.959,79.105,17.203,19.352,11.208,12.762,22.26,5.813,5.168,8.922,7.836,4.492
Italy,1971,56.106,75.477,63.267,85.931,101.933,38.459,55.64,51.768,72.837,79.105,17.647,19.837,11.499,13.095,22.828,5.667,5.041,8.697,7.637,4.381
Italy,1972,56.546,76.104,63.624,85.791,102.05,38.497,55.8,51.845,72.417,78.754,18.049,20.304,11.778,13.374,23.295,5.54,4.925,8.49,7.477,4.293
Italy,1973,56.933,76.789,64.008,85.55,102.077,38.529,56.057,52.004,71.969,78.379,18.403,20.732,12.004,13.581,23.697,5.434,4.823,8.331,7.363,4.22
Italy,1974,57.254,77.424,64.3,85.364,102.241,38.477,56.239,52.079,71.575,78.092,18.777,21.185,12.221,13.788,24.149,5.326,4.72,8.182,7.253,4.141
Italy,1975,57.377,77.898,64.479,85.314,102.525,38.242,56.269,52.024,71.281,77.902,19.134,21.63,12.455,14.033,24.624,5.226,4.623,8.029,7.126,4.061
Italy,1976,57.28,78.121,64.471,85.256,102.758,37.832,56.095,51.796,70.98,77.686,19.448,22.025,12.674,14.276,25.072,5.142,4.54,7.89,7.005,3.989
Italy,1977,57.062,78.211,64.354,85.258,103.056,37.295,55.783,51.445,70.708,77.501,19.767,22.428,12.908,14.55,25.555,5.059,4.459,7.747,6.873,3.913
Italy,1978,56.699,78.229,64.181,85.258,103.343,36.592,55.36,50.997,70.381,77.252,20.106,22.869,13.184,14.877,26.091,4.974,4.373,7.585,6.722,3.833
Italy,1979,56.072,78.003,63.89,85.153,103.368,35.661,54.724,50.385,69.896,76.772,20.411,23.279,13.505,15.258,26.596,4.899,4.296,7.404,6.554,3.76
Italy,1980,54.982,77.164,63.287,84.834,102.817,34.504,53.755,49.545,69.278,76.018,20.478,23.409,13.743,15.556,26.799,4.883,4.272,7.277,6.428,3.732
Italy,1981,53.594,75.779,62.573,84.428,101.611,33.247,52.494,48.55,68.52,74.904,20.346,23.285,14.023,15.908,26.707,4.915,4.295,7.131,6.286,3.744
Italy,1982,52.12,74.035,61.881,84.083,99.963,32.023,51.043,47.479,67.705,73.545,20.097,22.992,14.403,16.378,26.417,4.976,4.349,6.943,6.106,3.785
Italy,1983,50.488,71.89,61.048,83.668,97.903,30.817,49.421,46.304,66.852,72.034,19.671,22.469,14.744,16.815,25.869,5.084,4.451,6.782,5.947,3.866
Italy,1984,48.968,69.724,60.049,83.003,95.762,29.642,47.705,44.986,65.779,70.365,19.326,22.019,15.063,17.224,25.397,5.174,4.542,6.639,5.806,3.938
Italy,1985,48.094,68.256,58.816,81.952,94.451,28.611,46.121,43.533,64.443,68.869,19.483,22.136,15.283,17.51,25.582,5.133,4.518,6.543,5.711,3.909
Italy,1986,47.535,67.241,57.325,80.456,93.624,27.62,44.666,42.018,62.898,67.488,19.915,22.575,15.307,17.558,26.136,5.021,4.43,6.533,5.695,3.826
Italy,1987,47.017,66.349,55.617,78.461,92.719,26.638,43.29,40.498,61.122,66.005,20.379,23.059,15.12,17.339,26.714,4.907,4.337,6.614,5.767,3.743
Italy,1988,46.616,65.597,53.811,76.091,91.711,25.73,42.007,39.017,59.154,64.401,20.886,23.59,14.794,16.937,27.31,4.788,4.239,6.76,5.904,3.662
Italy,1989,46.202,64.848,52.163,73.744,90.48,24.849,40.771,37.634,57.154,62.66,21.354,24.077,14.53,16.59,27.821,4.683,4.153,6.883,6.028,3.594
Italy,1990,45.833,64.108,51.113,72.073,89.126,24.011,39.552,36.42,55.342,60.826,21.822,24.556,14.693,16.731,28.3,4.583,4.072,6.806,5.977,3.534
Italy,1991,45.123,62.779,49.895,70.355,87.195,22.876,37.826,34.832,53.236,58.498,22.247,24.954,15.063,17.12,28.697,4.495,4.007,6.639,5.841,3.485
Italy,1992,44.747,61.681,48.901,68.953,85.599,22.034,36.31,33.44,51.41,56.475,22.713,25.37,15.46,17.542,29.123,4.403,3.942,6.468,5.7,3.434
Italy,1993,45.015,61.247,48.562,68.223,84.674,21.782,35.414,32.628,50.181,55.088,23.232,25.833,15.934,18.043,29.586,4.304,3.871,6.276,5.542,3.38
Italy,1994,45.92,61.451,48.732,68.067,84.492,21.532,34.468,31.752,48.88,53.657,24.388,26.984,16.979,19.187,30.835,4.1,3.706,5.89,5.212,3.243
Italy,1995,46.276,61.047,48.303,67.199,83.577,21.345,33.598,30.94,47.623,52.288,24.931,27.449,17.363,19.576,31.289,4.011,3.643,5.759,5.108,3.196
Italy,1996,46.08,60.178,47.425,65.667,81.945,21.203,32.9,30.281,46.401,50.961,24.877,27.278,17.144,19.266,30.985,4.02,3.666,5.833,5.191,3.227
Italy,1997,46.555,60.19,47.378,64.952,81.171,21.113,32.381,29.791,45.269,49.72,25.442,27.809,17.586,19.684,31.451,3.931,3.596,5.686,5.08,3.18
Italy,1998,47.02,60.282,47.444,64.308,80.411,21.084,32.007,29.443,44.249,48.585,25.936,28.275,18.001,20.06,31.826,3.856,3.537,5.555,4.985,3.142
Italy,1999,47.544,60.526,47.654,63.78,79.769,21.102,31.758,29.211,43.323,47.552,26.441,28.768,18.443,20.457,32.217,3.782,3.476,5.422,4.888,3.104
Italy,2000,48.129,60.866,47.949,63.356,79.248,21.145,31.561,29.027,42.464,46.595,26.984,29.305,18.922,20.892,32.653,3.706,3.412,5.285,4.786,3.062
Italy,2001,48.708,61.174,48.249,63.063,78.837,21.178,31.336,28.823,41.696,45.729,27.53,29.838,19.426,21.367,33.108,3.632,3.351,5.148,4.68,3.02
Italy,2002,49.347,61.482,48.531,62.839,78.538,21.272,31.126,28.629,41.02,44.975,28.076,30.357,19.902,21.819,33.563,3.562,3.294,5.025,4.583,2.979
Italy,2003,49.863,61.785,48.677,62.521,78.313,21.31,30.961,28.452,40.413,44.34,28.553,30.824,20.225,22.108,33.973,3.502,3.244,4.944,4.523,2.943
Italy,2004,50.337,62.25,48.881,62.335,78.36,21.278,30.888,28.343,39.941,43.884,29.059,31.362,20.537,22.393,34.475,3.441,3.189,4.869,4.466,2.901
Italy,2005,50.95,63.008,49.349,62.433,78.721,21.311,31.001,28.403,39.652,43.628,29.639,32.007,20.946,22.781,35.092,3.374,3.124,4.774,4.39,2.85
Italy,2006,51.562,63.876,49.925,62.647,79.196,21.347,31.206,28.55,39.458,43.473,30.215,32.67,21.375,23.189,35.724,3.31,3.061,4.678,4.312,2.799
Italy,2007,51.903,64.471,50.452,62.898,79.46,21.335,31.374,28.7,39.346,43.347,30.568,33.098,21.753,23.552,36.114,3.271,3.021,4.597,4.246,2.769
Italy,2008,52.047,64.682,50.902,63.332,79.599,21.327,31.409,28.781,39.389,43.312,30.72,33.273,22.121,23.943,36.287,3.255,3.005,4.521,4.177,2.756
Italy,2009,52.328,64.868,51.407,63.987,79.895,21.384,31.377,28.815,39.519,43.352,30.943,33.49,22.591,24.469,36.543,3.232,2.986,4.426,4.087,2.736
Italy,2010,52.66,65.073,51.856,64.622,80.27,21.427,31.301,28.795,39.622,43.389,31.233,33.772,23.061,25,36.881,3.202,2.961,4.336,4,2.711
Italy,2011,53.127,65.405,52.188,65.176,80.861,21.448,31.186,28.694,39.677,43.445,31.679,34.219,23.494,25.499,37.416,3.157,2.922,4.256,3.922,2.673
Italy,2012,53.771,65.941,52.334,65.525,81.715,21.484,31.099,28.549,39.68,43.561,32.287,34.842,23.785,25.845,38.154,3.097,2.87,4.204,3.869,2.621
Italy,2013,54.436,66.552,52.36,65.555,82.448,21.494,31.025,28.382,39.5,43.53,32.942,35.527,23.978,26.055,38.917,3.036,2.815,4.17,3.838,2.57
Italy,2014,55.1,67.278,52.5,65.51,83.061,21.447,30.982,28.245,39.185,43.341,33.653,36.296,24.255,26.324,39.72,2.971,2.755,4.123,3.799,2.518
Italy,2015,55.607,67.918,52.662,65.464,83.538,21.329,30.928,28.118,38.862,43.107,34.278,36.99,24.543,26.602,40.431,2.917,2.703,4.074,3.759,2.473
Italy,2016,55.92,68.383,52.9,65.553,83.858,21.135,30.818,27.984,38.575,42.84,34.785,37.566,24.916,26.978,41.018,2.875,2.662,4.013,3.707,2.438
Italy,2017,56.13,68.728,53.3,65.919,84.142,20.909,30.665,27.861,38.386,42.602,35.221,38.063,25.439,27.533,41.54,2.839,2.627,3.931,3.632,2.407
Italy,2018,56.308,68.975,53.689,66.352,84.409,20.66,30.439,27.685,38.205,42.352,35.648,38.537,26.004,28.147,42.057,2.805,2.595,3.846,3.553,2.378
Italy,2019,56.563,69.272,54.038,66.787,84.794,20.391,30.163,27.449,37.997,42.099,36.173,39.109,26.59,28.79,42.695,2.765,2.557,3.761,3.473,2.342
Italy,2020,56.753,69.489,54.169,67.002,85.129,20.105,29.864,27.165,37.75,41.847,36.648,39.625,27.005,29.252,43.282,2.729,2.524,3.703,3.419,2.31
Italy,2021,56.928,69.716,54.166,67.086,85.506,19.796,29.558,26.85,37.48,41.612,37.132,40.158,27.317,29.606,43.894,2.693,2.49,3.661,3.378,2.278
Italy,2022,57.033,69.936,54.139,67.13,85.864,19.456,29.272,26.551,37.216,41.388,37.577,40.664,27.588,29.913,44.476,2.661,2.459,3.625,3.343,2.248
Italy,2023,57.142,70.162,54.06,67.082,86.19,19.084,28.951,26.211,36.88,41.097,38.058,41.211,27.849,30.203,45.093,2.628,2.427,3.591,3.311,2.218
Spain,1950,50.908,76.87,68.334,100.196,112.386,39.967,64.048,60.957,91.422,96.989,10.94,12.823,7.378,8.774,15.397,9.14,7.799,13.554,11.397,6.495
Spain,1951,50.239,75.648,67.11,98.399,110.55,39.183,62.722,59.673,89.57,95.056,11.056,12.926,7.437,8.829,15.494,9.045,7.736,13.447,11.326,6.454
Spain,1952,50.277,74.958,66.344,96.96,109.153,39.107,61.954,58.904,88.151,93.608,11.17,13.004,7.44,8.81,15.546,8.953,7.69,13.44,11.351,6.433
Spain,1953,50.929,74.208,65.507,95.574,107.84,39.53,61.05,58.001,86.704,92.142,11.4,13.158,7.506,8.87,15.698,8.772,7.6,13.322,11.274,6.37
Spain,1954,51.936,73.694,64.998,94.419,106.608,40.323,60.418,57.393,85.458,90.816,11.613,13.276,7.605,8.961,15.792,8.611,7.532,13.15,11.16,6.332
Spain,1955,52.647,73.554,64.861,93.514,105.603,40.805,60.091,57.081,84.382,89.653,11.842,13.464,7.781,9.133,15.95,8.445,7.427,12.853,10.95,6.27
Spain,1956,53.129,73.482,64.781,92.762,104.776,41.135,59.893,56.89,83.53,88.737,11.994,13.588,7.891,9.231,16.039,8.337,7.359,12.672,10.833,6.235
Spain,1957,53.906,73.774,65.064,92.271,104.191,41.832,60.141,57.127,83.025,88.172,12.074,13.633,7.938,9.246,16.019,8.282,7.335,12.598,10.815,6.242
Spain,1958,54.543,74.718,65.909,91.867,103.746,42.302,60.878,57.809,82.499,87.607,12.241,13.839,8.1,9.367,16.139,8.169,7.226,12.345,10.675,6.196
Spain,1959,55,76.217,67.184,91.786,103.768,42.569,62.085,58.902,82.285,87.426,12.43,14.132,8.282,9.5,16.341,8.045,7.076,12.075,10.526,6.119
Spain,1960,55.292,77.322,67.972,91.848,104.143,42.624,62.857,59.542,82.221,87.49,12.668,14.465,8.429,9.628,16.653,7.894,6.913,11.863,10.387,6.005
Spain,1961,55.618,77.981,68.295,91.543,104.19,42.654,63.154,59.718,81.78,87.18,12.964,14.827,8.578,9.763,17.01,7.714,6.745,11.658,10.243,5.879
Spain,1962,55.983,78.851,68.895,91.333,104.21,42.791,63.726,60.179,81.458,86.941,13.191,15.125,8.717,9.875,17.27,7.581,6.612,11.472,10.127,5.791
Spain,1963,56.07,79.221,69.235,91.705,104.62,42.759,63.936,60.373,81.666,87.168,13.311,15.286,8.862,10.039,17.452,7.513,6.542,11.284,9.961,5.73
Spain,1964,56.241,79.456,69.51,92.829,105.805,42.834,64.058,60.507,82.588,88.145,13.406,15.399,9.003,10.241,17.659,7.459,6.494,11.108,9.764,5.663
Spain,1965,56.903,79.974,69.819,93.714,107.04,43.19,64.244,60.619,83.22,88.945,13.713,15.729,9.199,10.494,18.095,7.292,6.358,10.87,9.529,5.526
Spain,1966,57.701,80.68,70.214,94.34,108.102,43.596,64.52,60.783,83.572,89.49,14.105,16.16,9.432,10.769,18.613,7.09,6.188,10.602,9.286,5.373
Spain,1967,58.316,81.379,70.657,95.426,109.615,43.911,64.875,61.04,84.413,90.542,14.405,16.504,9.617,11.013,19.073,6.942,6.059,10.398,9.08,5.243
Spain,1968,58.867,81.868,70.778,95.967,110.711,44.133,65.001,61.037,84.79,91.169,14.734,16.867,9.741,11.178,19.542,6.787,5.929,10.266,8.946,5.117
Spain,1969,59.396,82.262,70.788,96.15,111.438,44.37,65.081,60.984,84.891,91.507,15.026,17.181,9.804,11.26,19.931,6.655,5.82,10.2,8.881,5.017
Spain,1970,59.92,82.94,71.189,96.507,112.15,44.558,65.367,61.168,85.004,91.771,15.362,17.573,10.021,11.503,20.379,6.51,5.69,9.979,8.693,4.907
Spain,1971,60.31,83.565,71.657,96.935,112.769,44.636,65.617,61.36,85.121,91.965,15.674,17.948,10.297,11.813,20.803,6.38,5.572,9.712,8.465,4.807
Spain,1972,60.498,83.908,71.871,97.179,113.188,44.576,65.665,61.367,85.128,92.04,15.921,18.244,10.504,12.051,21.148,6.281,5.481,9.52,8.298,4.729
Spain,1973,60.593,84.216,72.104,97.205,113.273,44.412,65.655,61.338,84.869,91.784,16.181,18.562,10.766,12.336,21.489,6.18,5.387,9.288,8.106,4.653
Spain,1974,60.473,84.52,72.383,97.185,113.228,44.152,65.753,61.428,84.653,91.54,16.322,18.767,10.955,12.532,21.687,6.127,5.328,9.128,7.98,4.611
Spain,1975,60.338,84.836,72.651,97.443,113.542,43.844,65.821,61.482,84.67,91.574,16.495,19.015,11.169,12.773,21.968,6.063,5.259,8.954,7.829,4.552
Spain,1976,60.369,85.163,72.878,97.829,114.083,43.612,65.815,61.449,84.75,91.713,16.757,19.348,11.43,13.079,22.369,5.968,5.169,8.749,7.646,4.47
Spain,1977,60.346,85.26,72.915,98.076,114.446,43.343,65.615,61.243,84.706,91.706,17.003,19.645,11.672,13.37,22.74,5.881,5.09,8.568,7.479,4.398
Spain,1978,60.122,85.072,72.729,98.196,114.62,42.878,65.141,60.796,84.504,91.507,17.244,19.931,11.932,13.692,23.113,5.799,5.017,8.381,7.304,4.327
Spain,1979,59.623,84.682,72.391,98.279,114.715,42.163,64.481,60.19,84.246,91.229,17.46,20.201,12.201,14.034,23.486,5.727,4.95,8.196,7.126,4.258
Spain,1980,59.031,84.219,72.017,98.284,114.674,41.353,63.74,59.519,83.876,90.81,17.679,20.479,12.499,14.407,23.864,5.657,4.883,8.001,6.941,4.19
Spain,1981,58.163,83.399,71.397,97.999,114.192,40.326,62.716,58.611,83.229,90.036,17.837,20.683,12.785,14.77,24.156,5.606,4.835,7.821,6.771,4.14
Spain,1982,57.087,82.178,70.462,97.247,113.105,39.132,61.356,57.41,82.144,88.748,17.954,20.822,13.052,15.103,24.357,5.57,4.803,7.662,6.621,4.106
Spain,1983,56.094,80.759,69.321,96.118,111.628,38.013,59.82,56.035,80.729,87.113,18.082,20.939,13.286,15.389,24.515,5.53,4.776,7.527,6.498,4.079
Spain,1984,55.078,79.138,67.927,94.772,110.017,36.858,58.091,54.455,79.148,85.342,18.22,21.047,13.471,15.625,24.675,5.488,4.751,7.423,6.4,4.053
Spain,1985,54.115,77.601,66.454,93.29,108.485,35.688,56.366,52.828,77.467,83.557,18.427,21.235,13.626,15.823,24.928,5.427,4.709,7.339,6.32,4.012
Spain,1986,53.261,76.218,64.901,91.604,107.054,34.531,54.682,51.17,75.649,81.749,18.731,21.536,13.731,15.955,25.305,5.339,4.643,7.283,6.268,3.952
Spain,1987,52.473,74.993,63.357,89.784,105.672,33.357,53.054,49.526,73.716,79.887,19.116,21.939,13.831,16.069,25.786,5.231,4.558,7.23,6.223,3.878
Spain,1988,51.693,73.948,61.955,87.862,104.192,32.17,51.56,48.005,71.681,77.912,19.523,22.387,13.949,16.181,26.28,5.122,4.467,7.169,6.18,3.805
Spain,1989,50.882,72.93,60.603,85.82,102.523,30.956,50.092,46.522,69.527,75.777,19.926,22.838,14.082,16.292,26.746,5.019,4.379,7.102,6.138,3.739
Spain,1990,50.002,71.848,59.299,83.888,100.817,29.685,48.572,45.025,67.411,73.617,20.317,23.276,14.274,16.477,27.2,4.922,4.296,7.006,6.069,3.677
Spain,1991,49.109,70.713,58.096,82.169,99.127,28.446,47.057,43.579,65.441,71.533,20.663,23.656,14.517,16.728,27.594,4.84,4.227,6.888,5.978,3.624
Spain,1992,48.296,69.557,56.986,80.643,97.491,27.324,45.578,42.199,63.627,69.562,20.972,23.979,14.787,17.015,27.929,4.768,4.17,6.763,5.877,3.58
Spain,1993,47.572,68.401,55.893,79.253,95.991,26.279,44.102,40.826,61.928,67.711,21.294,24.299,15.067,17.324,28.28,4.696,4.115,6.637,5.772,3.536
Spain,1994,46.928,67.193,54.731,77.834,94.497,25.283,42.563,39.39,60.203,65.844,21.645,24.631,15.341,17.631,28.653,4.62,4.06,6.519,5.672,3.49
Spain,1995,46.373,65.952,53.497,76.347,92.986,24.334,40.966,37.891,58.417,63.929,22.039,24.987,15.606,17.929,29.057,4.537,4.002,6.408,5.577,3.442
Spain,1996,45.976,64.714,52.269,74.836,91.444,23.522,39.378,36.403,56.618,61.996,22.454,25.336,15.867,18.218,29.448,4.454,3.947,6.303,5.489,3.396
Spain,1997,45.765,63.551,51.118,73.306,89.858,22.876,37.869,34.99,54.811,60.045,22.889,25.681,16.127,18.495,29.812,4.369,3.894,6.201,5.407,3.354
Spain,1998,45.674,62.507,50.066,71.784,88.284,22.333,36.468,33.677,53.022,58.115,23.342,26.039,16.39,18.762,30.169,4.284,3.84,6.101,5.33,3.315
Spain,1999,45.642,61.546,49.173,70.272,86.584,21.902,35.214,32.517,51.26,56.171,23.739,26.332,16.656,19.012,30.413,4.212,3.798,6.004,5.26,3.288
Spain,2000,45.696,60.705,48.491,68.854,84.827,21.586,34.112,31.519,49.554,54.242,24.11,26.593,16.972,19.299,30.585,4.148,3.76,5.892,5.182,3.27
Spain,2001,45.923,60.175,48.081,67.561,83.214,21.393,33.249,30.739,47.937,52.415,24.53,26.926,17.342,19.624,30.799,4.077,3.714,5.766,5.096,3.247
Spain,2002,45.97,59.612,47.812,66.389,81.494,21.274,32.608,30.197,46.561,50.788,24.696,27.004,17.614,19.828,30.706,4.049,3.703,5.677,5.043,3.257
Spain,2003,45.686,58.791,47.631,65.382,79.517,21.19,32.091,29.836,45.448,49.332,24.496,26.7,17.795,19.934,30.185,4.082,3.745,5.62,5.016,3.313
Spain,2004,45.221,57.857,47.501,64.417,77.389,21.085,31.621,29.547,44.403,47.907,24.136,26.236,17.954,20.013,29.482,4.143,3.812,5.57,4.997,3.392
Spain,2005,45.036,57.293,47.365,63.46,75.765,21.039,31.267,29.294,43.415,46.683,23.997,26.025,18.071,20.045,29.082,4.167,3.842,5.534,4.989,3.439
Spain,2006,45.094,57.066,47.389,62.802,74.691,21.101,31.093,29.178,42.687,45.804,23.993,25.972,18.211,20.115,28.887,4.168,3.85,5.491,4.971,3.462
Spain,2007,44.985,56.726,47.388,62.322,73.722,21.16,30.972,29.127,42.211,45.175,23.824,25.754,18.261,20.111,28.547,4.197,3.883,5.476,4.972,3.503
Spain,2008,45.199,56.765,47.3,61.768,73.256,21.322,30.987,29.116,41.798,44.766,23.876,25.778,18.184,19.97,28.49,4.188,3.879,5.499,5.007,3.51
Spain,2009,45.85,57.251,47.218,61.148,73.248,21.603,31.109,29.124,41.342,44.446,24.247,26.142,18.094,19.806,28.802,4.124,3.825,5.527,5.049,3.472
Spain,2010,46.658,57.92,47.438,60.87,73.431,21.884,31.243,29.17,40.938,44.134,24.774,26.677,18.268,19.933,29.297,4.036,3.749,5.474,5.017,3.413
Spain,2011,47.444,58.605,47.799,60.838,73.717,22.13,31.375,29.237,40.638,43.892,25.314,27.23,18.562,20.2,29.825,3.95,3.672,5.387,4.951,3.353
Spain,2012,48.184,59.277,48.005,60.729,74.111,22.317,31.473,29.246,40.357,43.717,25.868,27.804,18.759,20.372,30.394,3.866,3.597,5.331,4.909,3.29
Spain,2013,49.082,60.179,48.438,60.923,74.814,22.47,31.586,29.271,40.143,43.609,26.612,28.593,19.167,20.78,31.206,3.758,3.497,5.217,4.812,3.205
Spain,2014,49.941,61.151,49.041,61.312,75.593,22.568,31.732,29.347,39.996,43.537,27.373,29.419,19.694,21.316,32.056,3.653,3.399,5.078,4.691,3.12
Spain,2015,50.463,61.863,49.603,61.702,76.122,22.565,31.851,29.438,39.907,43.466,27.899,30.012,20.164,21.795,32.656,3.584,3.332,4.959,4.588,3.062
Spain,2016,50.797,62.412,50.06,62.061,76.563,22.496,31.932,29.503,39.86,43.427,28.301,30.48,20.557,22.201,33.136,3.533,3.281,4.865,4.504,3.018
Spain,2017,51.088,62.911,50.395,62.368,77.053,22.392,31.97,29.513,39.824,43.426,28.696,30.941,20.882,22.544,33.627,3.485,3.232,4.789,4.436,2.974
Spain,2018,51.213,63.268,50.689,62.699,77.462,22.176,31.917,29.458,39.776,43.385,29.036,31.351,21.231,22.923,34.077,3.444,3.19,4.71,4.362,2.935
Spain,2019,51.127,63.417,50.853,62.999,77.768,21.836,31.744,29.303,39.715,43.313,29.291,31.673,21.549,23.285,34.455,3.414,3.157,4.64,4.295,2.902
Spain,2020,50.964,63.414,50.711,63.01,77.973,21.436,31.451,29.006,39.533,43.162,29.528,31.963,21.705,23.476,34.811,3.387,3.129,4.607,4.26,2.873
Spain,2021,50.879,63.494,50.502,62.902,78.232,20.985,31.1,28.629,39.227,42.918,29.894,32.394,21.873,23.676,35.314,3.345,3.087,4.572,4.224,2.832
Spain,2022,51.021,63.863,50.477,62.916,78.723,20.533,30.782,28.268,38.871,42.642,30.488,33.081,22.209,24.045,36.081,3.28,3.023,4.503,4.159,2.772
Spain,2023,51.314,64.416,50.522,63.003,79.422,20.062,30.458,27.884,38.488,42.365,31.252,33.958,22.638,24.515,37.057,3.2,2.945,4.417,4.079,2.699
France,1950,51.751,71.247,59.791,82.213,97.262,34.475,51.752,48.29,69.098,74.805,17.276,19.495,11.501,13.115,22.457,5.788,5.129,8.695,7.625,4.453
France,1951,52.71,71.81,60.303,82.735,97.84,35.299,52.221,48.723,69.535,75.282,17.412,19.589,11.58,13.2,22.557,5.743,5.105,8.636,7.576,4.433
France,1952,53.665,72.396,60.879,83.316,98.42,36.137,52.731,49.208,70.018,75.787,17.528,19.665,11.671,13.298,22.633,5.705,5.085,8.568,7.52,4.418
France,1953,54.634,73.077,61.52,83.864,98.989,36.989,53.327,49.766,70.484,76.282,17.646,19.75,11.754,13.38,22.707,5.667,5.063,8.508,7.474,4.404
France,1954,55.596,73.819,62.215,84.394,99.534,37.834,53.977,50.374,70.933,76.757,17.761,19.842,11.842,13.461,22.777,5.63,5.04,8.445,7.429,4.39
France,1955,56.66,74.58,62.991,84.85,99.899,38.772,54.645,51.018,71.271,77.073,17.889,19.935,11.973,13.579,22.826,5.59,5.016,8.352,7.364,4.381
France,1956,57.871,75.359,63.776,85.162,100.106,39.867,55.361,51.704,71.514,77.285,18.004,19.999,12.072,13.649,22.821,5.554,5,8.283,7.327,4.382
France,1957,58.996,76.172,64.566,85.513,100.394,40.882,56.101,52.406,71.804,77.564,18.114,20.07,12.161,13.709,22.83,5.521,4.982,8.223,7.295,4.38
France,1958,59.871,77.071,65.401,85.979,100.864,41.623,56.859,53.111,72.161,77.936,18.249,20.212,12.289,13.818,22.928,5.48,4.948,8.137,7.237,4.361
France,1959,60.651,78.032,66.235,86.508,101.488,42.225,57.612,53.795,72.551,78.378,18.426,20.42,12.44,13.957,23.11,5.427,4.897,8.038,7.165,4.327
France,1960,61.333,79.092,67.138,87.017,102.112,42.76,58.474,54.571,72.955,78.844,18.574,20.618,12.567,14.062,23.268,5.384,4.85,7.957,7.112,4.298
France,1961,61.522,80.53,68.248,87.607,103.007,42.789,59.592,55.538,73.435,79.463,18.733,20.937,12.71,14.172,23.544,5.338,4.776,7.868,7.056,4.247
France,1962,61.145,81.976,69.235,88.212,104.104,42.246,60.633,56.388,73.924,80.166,18.9,21.343,12.847,14.288,23.938,5.291,4.685,7.784,6.999,4.177
France,1963,60.754,83.19,70.053,89.072,105.454,41.745,61.528,57.116,74.688,81.159,19.009,21.662,12.937,14.384,24.295,5.261,4.616,7.73,6.952,4.116
France,1964,60.606,84.548,71.003,90.275,107.196,41.427,62.509,57.922,75.719,82.453,19.179,22.038,13.081,14.556,24.743,5.214,4.538,7.645,6.87,4.042
France,1965,60.521,85.938,71.893,91.561,109.17,41.104,63.447,58.654,76.808,83.869,19.417,22.491,13.238,14.753,25.301,5.15,4.446,7.554,6.778,3.952
France,1966,60.541,86.636,72.221,93.186,111.511,40.842,63.736,58.813,78.146,85.559,19.698,22.9,13.408,15.04,25.953,5.077,4.367,7.458,6.649,3.853
France,1967,60.64,86.509,71.906,94.829,113.801,40.613,63.257,58.304,79.414,87.146,20.027,23.252,13.602,15.416,26.655,4.993,4.301,7.352,6.487,3.752
France,1968,60.665,86.015,71.321,96.007,115.481,40.372,62.52,57.581,80.286,88.263,20.294,23.496,13.74,15.72,27.217,4.928,4.256,7.278,6.361,3.674
France,1969,60.599,85.347,70.687,96.971,116.755,40.127,61.72,56.838,80.99,89.125,20.472,23.627,13.849,15.981,27.631,4.885,4.232,7.221,6.257,3.619
France,1970,60.49,84.752,70.172,97.991,118.008,39.855,60.997,56.183,81.716,89.977,20.635,23.755,13.988,16.275,28.031,4.846,4.21,7.149,6.144,3.567
France,1971,60.462,84.429,69.943,98.425,118.46,39.647,60.505,55.753,81.857,90.122,20.815,23.924,14.19,16.568,28.338,4.804,4.18,7.047,6.036,3.529
France,1972,60.439,84.249,69.917,98.075,117.826,39.456,60.152,55.473,81.237,89.338,20.983,24.097,14.444,16.838,28.488,4.766,4.15,6.923,5.939,3.51
France,1973,60.339,84.04,69.826,97.475,116.96,39.19,59.765,55.149,80.409,88.342,21.149,24.275,14.677,17.066,28.617,4.728,4.119,6.813,5.859,3.494
France,1974,60.077,83.715,69.568,96.716,116.012,38.758,59.247,54.685,79.45,87.243,21.319,24.468,14.883,17.266,28.769,4.691,4.087,6.719,5.792,3.476
France,1975,59.749,83.284,69.209,95.858,114.967,38.241,58.608,54.107,78.378,86.025,21.508,24.677,15.102,17.481,28.942,4.649,4.052,6.622,5.721,3.455
France,1976,59.293,82.675,68.756,94.961,113.778,37.656,57.861,53.452,77.28,84.739,21.638,24.814,15.304,17.68,29.039,4.622,4.03,6.534,5.656,3.444
France,1977,58.812,82.004,68.24,94.104,112.658,37.042,57.055,52.74,76.22,83.506,21.77,24.949,15.5,17.883,29.151,4.593,4.008,6.451,5.592,3.43
France,1978,58.379,81.444,67.778,93.336,111.709,36.435,56.304,52.064,75.227,82.377,21.944,25.139,15.715,18.109,29.333,4.557,3.978,6.363,5.522,3.409
France,1979,57.837,80.817,67.321,92.623,110.73,35.773,55.541,51.395,74.289,81.272,22.064,25.276,15.926,18.334,29.458,4.532,3.956,6.279,5.454,3.395
France,1980,56.996,79.748,66.925,91.978,109.137,35.132,54.716,50.813,73.447,80.012,21.864,25.032,16.113,18.531,29.125,4.574,3.995,6.206,5.396,3.433
France,1981,55.716,78.027,66.482,91.312,106.716,34.477,53.744,50.259,72.669,78.52,21.239,24.282,16.223,18.643,28.195,4.708,4.118,6.164,5.364,3.547
France,1982,54.441,76.258,66.083,90.695,104.232,33.884,52.797,49.749,71.94,77.047,20.557,23.461,16.334,18.755,27.184,4.865,4.262,6.122,5.332,3.679
France,1983,53.325,74.641,65.676,90.112,102.011,33.338,51.876,49.213,71.22,75.678,19.987,22.765,16.463,18.892,26.333,5.003,4.393,6.074,5.293,3.797
France,1984,52.328,73.128,65.09,89.373,100.026,32.771,50.901,48.537,70.386,74.345,19.557,22.228,16.553,18.988,25.681,5.113,4.499,6.041,5.267,3.894
France,1985,51.893,72.412,64.152,88.113,99.041,32.307,50.181,47.777,69.348,73.376,19.585,22.231,16.375,18.765,25.665,5.106,4.498,6.107,5.329,3.896
France,1986,51.842,72.311,62.761,86.225,98.834,31.892,49.672,46.919,68.099,72.71,19.95,22.639,15.842,18.126,26.124,5.013,4.417,6.312,5.517,3.828
France,1987,51.703,72.185,61.371,84.306,98.549,31.429,49.173,46.085,66.848,72.014,20.275,23.012,15.286,17.459,26.535,4.932,4.346,6.542,5.728,3.769
France,1988,51.582,72.042,60.182,82.579,98.147,31.001,48.683,45.327,65.646,71.244,20.581,23.359,14.855,16.932,26.903,4.859,4.281,6.732,5.906,3.717
France,1989,51.583,71.808,59.14,81.026,97.6,30.702,48.141,44.591,64.476,70.379,20.882,23.668,14.549,16.55,27.221,4.789,4.225,6.873,6.042,3.674
France,1990,51.793,71.484,58.579,80.124,96.961,30.568,47.506,43.931,63.486,69.42,21.225,23.978,14.648,16.638,27.541,4.711,4.17,6.827,6.01,3.631
France,1991,52.172,71.11,58.389,79.775,96.344,30.553,46.801,43.322,62.674,68.45,21.618,24.309,15.067,17.101,27.894,4.626,4.114,6.637,5.847,3.585
France,1992,52.488,70.665,58.089,79.373,95.74,30.497,46.053,42.659,61.866,67.511,21.991,24.613,15.43,17.507,28.229,4.547,4.063,6.481,5.712,3.542
France,1993,52.688,70.236,57.743,78.893,95.133,30.341,45.32,41.995,61.033,66.574,22.347,24.915,15.748,17.86,28.559,4.475,4.014,6.35,5.599,3.502
France,1994,52.849,70.02,57.549,78.395,94.553,30.133,44.752,41.469,60.188,65.639,22.716,25.268,16.08,18.207,28.914,4.402,3.958,6.219,5.492,3.459
France,1995,52.962,70.156,57.633,77.934,94.055,29.864,44.461,41.189,59.372,64.751,23.099,25.695,16.444,18.562,29.304,4.329,3.892,6.081,5.387,3.413
France,1996,53.023,70.496,57.892,77.477,93.559,29.565,44.359,41.08,58.579,63.888,23.458,26.136,16.812,18.897,29.672,4.263,3.826,5.948,5.292,3.37
France,1997,53.078,70.775,58.116,76.971,92.982,29.29,44.237,40.958,57.766,62.993,23.788,26.538,17.159,19.205,29.989,4.204,3.768,5.828,5.207,3.335
France,1998,53.219,70.868,58.223,76.594,92.493,29.123,43.996,40.74,57.081,62.22,24.096,26.872,17.483,19.513,30.273,4.15,3.721,5.72,5.125,3.303
France,1999,53.459,70.881,58.308,76.399,92.153,29.088,43.743,40.525,56.584,61.637,24.371,27.137,17.783,19.815,30.516,4.103,3.685,5.623,5.047,3.277
France,2000,53.692,70.859,58.446,76.488,92.028,29.088,43.507,40.346,56.327,61.287,24.604,27.352,18.1,20.161,30.741,4.064,3.656,5.525,4.96,3.253
France,2001,53.826,70.788,58.605,76.807,92.081,29.031,43.258,40.173,56.259,61.119,24.795,27.53,18.433,20.548,30.962,4.033,3.632,5.425,4.867,3.23
France,2002,53.855,70.727,58.777,77.056,92.046,28.907,43.043,40.031,56.152,60.905,24.948,27.684,18.747,20.905,31.14,4.008,3.612,5.334,4.784,3.211
France,2003,53.778,70.735,58.989,77.176,91.886,28.738,42.933,39.98,55.992,60.641,25.04,27.801,19.01,21.184,31.245,3.994,3.597,5.261,4.721,3.2
France,2004,53.731,70.844,59.241,77.283,91.784,28.571,42.884,39.972,55.831,60.398,25.159,27.96,19.269,21.452,31.387,3.975,3.577,5.19,4.662,3.186
France,2005,53.705,70.815,59.407,77.3,91.527,28.44,42.737,39.883,55.584,60.044,25.266,28.078,19.525,21.716,31.483,3.958,3.561,5.122,4.605,3.176
France,2006,53.609,70.541,59.468,77.161,90.933,28.353,42.501,39.741,55.245,59.54,25.256,28.04,19.727,21.916,31.393,3.959,3.566,5.069,4.563,3.185
France,2007,53.618,70.318,59.493,76.985,90.416,28.329,42.28,39.593,54.903,59.069,25.289,28.038,19.9,22.083,31.347,3.954,3.567,5.025,4.528,3.19
France,2008,53.864,70.302,59.488,76.947,90.359,28.401,42.119,39.444,54.71,58.856,25.463,28.183,20.043,22.238,31.502,3.927,3.548,4.989,4.497,3.174
France,2009,54.245,70.428,59.54,77.039,90.548,28.547,42.034,39.349,54.633,58.802,25.698,28.394,20.191,22.406,31.746,3.891,3.522,4.953,4.463,3.15
France,2010,54.592,70.632,59.565,76.949,90.662,28.648,41.996,39.272,54.445,58.664,25.944,28.636,20.293,22.504,31.997,3.854,3.492,4.928,4.444,3.125
France,2011,55.276,71.205,59.402,76.552,91.147,28.793,42.005,39.109,54.076,58.546,26.483,29.2,20.293,22.476,32.601,3.776,3.425,4.928,4.449,3.067
France,2012,56.293,72.269,59.275,76.168,92.203,28.969,42.151,38.971,53.711,58.6,27.325,30.118,20.303,22.457,33.603,3.66,3.32,4.925,4.453,2.976
France,2013,57.168,73.536,59.389,75.969,93.374,28.988,42.422,38.964,53.419,58.703,28.18,31.114,20.425,22.55,34.671,3.549,3.214,4.896,4.435,2.884
France,2014,58.063,74.905,59.653,75.887,94.579,28.998,42.743,39.016,53.151,58.8,29.064,32.161,20.637,22.735,35.779,3.441,3.109,4.846,4.398,2.795
France,2015,58.974,76.185,59.857,75.812,95.766,29.005,42.971,38.989,52.862,58.861,29.969,33.214,20.868,22.951,36.905,3.337,3.011,4.792,4.357,2.71
France,2016,59.662,77.273,60.296,76.303,97.059,28.872,43.087,38.96,52.837,59.057,30.79,34.187,21.336,23.467,38.002,3.248,2.925,4.687,4.261,2.631
France,2017,60.261,78.1,60.99,77.237,98.198,28.737,43.066,38.929,52.949,59.211,31.525,35.034,22.061,24.288,38.987,3.172,2.854,4.533,4.117,2.565
France,2018,60.825,78.609,61.517,78.088,99.095,28.597,42.817,38.72,52.952,59.198,32.228,35.792,22.797,25.136,39.898,3.103,2.794,4.387,3.978,2.506
France,2019,61.339,79.079,62.014,78.965,100.019,28.41,42.529,38.476,52.964,59.195,32.93,36.55,23.538,26.001,40.824,3.037,2.736,4.248,3.846,2.45
France,2020,61.777,79.549,62.505,79.714,100.792,28.213,42.297,38.282,52.925,59.133,33.565,37.252,24.223,26.788,41.659,2.979,2.684,4.128,3.733,2.4
France,2021,62.064,79.955,62.897,80.467,101.643,27.948,42.073,38.085,52.979,59.195,34.116,37.882,24.812,27.488,42.447,2.931,2.64,4.03,3.638,2.356
France,2022,62.361,80.414,63.26,81.156,102.522,27.652,41.846,37.867,52.98,59.228,34.708,38.568,25.393,28.176,43.294,2.881,2.593,3.938,3.549,2.31
France,2023,62.691,80.868,63.595,81.586,103.117,27.307,41.531,37.565,52.693,58.941,35.384,39.337,26.03,28.893,44.176,2.826,2.542,3.842,3.461,2.264
Germany,1950,49.365,68.864,58.771,80.103,93.203,35.95,53.699,50.489,70.708,75.851,13.414,15.166,8.282,9.395,17.352,7.455,6.594,12.074,10.644,5.763
Germany,1951,48.983,68.707,58.424,79.342,92.634,35.16,53.054,49.82,69.602,74.761,13.823,15.653,8.604,9.74,17.873,7.234,6.389,11.623,10.267,5.595
Germany,1952,48.61,68.865,58.362,78.799,92.303,34.406,52.725,49.445,68.731,73.923,14.205,16.141,8.917,10.067,18.381,7.04,6.196,11.215,9.933,5.44
Germany,1953,48.138,69.15,58.412,78.212,91.918,33.581,52.529,49.195,67.842,73.06,14.556,16.621,9.218,10.37,18.858,6.87,6.016,10.849,9.643,5.303
Germany,1954,47.477,69.122,58.197,77.701,91.605,32.612,52.075,48.711,67.046,72.292,14.865,17.047,9.485,10.655,19.313,6.727,5.866,10.543,9.386,5.178
Germany,1955,46.736,68.638,57.637,77.395,91.45,31.609,51.253,47.909,66.449,71.713,15.127,17.385,9.728,10.947,19.737,6.611,5.752,10.28,9.135,5.067
Germany,1956,46.193,68.114,57.056,77.368,91.601,30.816,50.431,47.114,66.141,71.448,15.377,17.683,9.942,11.228,20.153,6.503,5.655,10.058,8.907,4.962
Germany,1957,46.451,68.037,56.794,77.694,92.274,30.588,49.836,46.501,66.03,71.447,15.863,18.201,10.293,11.664,20.826,6.304,5.494,9.716,8.573,4.802
Germany,1958,47.102,67.984,56.572,78.378,93.341,30.723,49.28,45.933,66.257,71.815,16.378,18.703,10.64,12.121,21.527,6.106,5.347,9.399,8.25,4.645
Germany,1959,47.67,67.486,56.04,78.952,94.169,30.959,48.532,45.216,66.538,72.196,16.711,18.954,10.825,12.414,21.974,5.984,5.276,9.238,8.055,4.551
Germany,1960,48.72,66.845,55.37,78.988,94.389,31.654,47.699,44.418,66.371,72.082,17.066,19.146,10.952,12.617,22.307,5.859,5.223,9.131,7.926,4.483
Germany,1961,50.132,66.441,54.815,78.372,93.984,32.589,46.993,43.71,65.578,71.318,17.542,19.448,11.104,12.794,22.666,5.7,5.142,9.005,7.816,4.412
Germany,1962,51.369,66.809,54.898,77.838,93.717,33.352,46.953,43.601,64.867,70.659,18.018,19.855,11.298,12.971,23.058,5.55,5.036,8.851,7.71,4.337
Germany,1963,52.491,67.736,55.475,77.808,94.028,34.065,47.468,43.998,64.682,70.583,18.426,20.268,11.477,13.125,23.445,5.427,4.934,8.713,7.619,4.265
Germany,1964,53.624,68.856,56.186,77.611,94.179,34.738,48.098,44.489,64.309,70.308,18.885,20.758,11.697,13.301,23.871,5.295,4.817,8.549,7.518,4.189
Germany,1965,54.57,70.533,57.352,77.185,94.076,35.238,49.204,45.401,63.728,69.803,19.332,21.329,11.951,13.457,24.273,5.173,4.689,8.368,7.431,4.12
Germany,1966,55.521,72.655,58.871,76.955,94.227,35.701,50.652,46.608,63.296,69.474,19.82,22.004,12.263,13.659,24.753,5.045,4.545,8.155,7.321,4.04
Germany,1967,56.705,74.713,60.265,77.467,95.356,36.262,51.921,47.627,63.473,69.871,20.443,22.792,12.638,13.994,25.485,4.892,4.387,7.913,7.146,3.924
Germany,1968,57.623,76.225,61.283,78.275,96.711,36.671,52.799,48.323,63.949,70.562,20.953,23.425,12.96,14.326,26.149,4.773,4.269,7.716,6.981,3.824
Germany,1969,57.981,76.901,61.739,78.868,97.599,36.736,53.112,48.559,64.293,71.026,21.245,23.79,13.179,14.575,26.573,4.707,4.203,7.588,6.861,3.763
Germany,1970,58.283,77.393,61.997,79.878,99.063,36.657,53.156,48.543,64.939,71.866,21.626,24.237,13.454,14.939,27.198,4.624,4.126,7.433,6.694,3.677
Germany,1971,58.518,77.863,62.287,81.318,100.984,36.487,53.144,48.49,65.903,73.05,22.031,24.72,13.798,15.416,27.933,4.539,4.045,7.248,6.487,3.58
Germany,1972,58.413,78.021,62.412,82.39,102.311,36.07,52.913,48.274,66.512,73.777,22.343,25.108,14.138,15.877,28.534,4.476,3.983,7.073,6.298,3.505
Germany,1973,58.017,77.913,62.283,82.876,102.97,35.385,52.431,47.825,66.584,73.9,22.632,25.482,14.458,16.292,29.07,4.419,3.924,6.917,6.138,3.44
Germany,1974,57.556,77.808,62.128,83.007,103.238,34.597,51.898,47.322,66.293,73.622,22.959,25.91,14.807,16.714,29.616,4.356,3.859,6.754,5.983,3.377
Germany,1975,57.028,77.717,62.013,82.867,103.128,33.728,51.347,46.81,65.707,72.987,23.3,26.37,15.203,17.16,30.141,4.292,3.792,6.578,5.828,3.318
Germany,1976,56.205,77.364,61.768,82.634,102.763,32.676,50.647,46.194,65.051,72.221,23.529,26.716,15.574,17.583,30.542,4.25,3.743,6.421,5.687,3.274
Germany,1977,55.289,76.889,61.446,82.484,102.463,31.549,49.847,45.495,64.454,71.511,23.74,27.042,15.951,18.03,30.952,4.212,3.698,6.269,5.546,3.231
Germany,1978,54.29,76.316,61.051,82.352,102.171,30.381,48.994,44.752,63.897,70.842,23.909,27.322,16.299,18.455,31.329,4.183,3.66,6.135,5.419,3.192
Germany,1979,53.106,75.445,60.526,82.22,101.688,29.172,48.018,43.935,63.387,70.159,23.934,27.426,16.591,18.833,31.529,4.178,3.646,6.027,5.31,3.172
Germany,1980,51.644,73.992,59.849,82.068,100.645,27.992,46.856,43.047,62.93,69.351,23.651,27.137,16.802,19.138,31.294,4.228,3.685,5.952,5.225,3.196
Germany,1981,49.805,71.805,58.996,81.723,98.651,26.835,45.462,42.072,62.381,68.192,22.97,26.343,16.923,19.342,30.459,4.354,3.796,5.909,5.17,3.283
Germany,1982,47.837,69.182,58.018,81.11,95.929,25.697,43.846,40.953,61.551,66.588,22.14,25.336,17.065,19.559,29.342,4.517,3.947,5.86,5.113,3.408
Germany,1983,45.967,66.404,56.875,80.286,92.986,24.62,42.069,39.66,60.501,64.763,21.347,24.335,17.216,19.785,28.223,4.685,4.109,5.809,5.054,3.543
Germany,1984,44.575,63.998,55.535,79.161,90.483,23.688,40.305,38.225,59.221,62.964,20.887,23.693,17.31,19.939,27.519,4.788,4.221,5.777,5.015,3.634
Germany,1985,43.973,62.404,53.941,77.505,88.851,23.051,38.804,36.782,57.719,61.408,20.922,23.6,17.16,19.786,27.443,4.78,4.237,5.828,5.054,3.644
Germany,1986,43.836,61.26,52.017,75.192,87.582,22.691,37.554,35.401,56.043,60.006,21.145,23.706,16.616,19.149,27.576,4.729,4.218,6.018,5.222,3.626
Germany,1987,43.846,60.161,49.978,72.357,85.942,22.492,36.385,34.072,54.077,58.339,21.354,23.776,15.906,18.28,27.603,4.683,4.206,6.287,5.471,3.623
Germany,1988,44.053,59.122,48.157,69.578,84.098,22.576,35.399,32.96,52.183,56.651,21.476,23.723,15.198,17.395,27.447,4.656,4.215,6.58,5.749,3.643
Germany,1989,44.387,58.248,46.928,67.498,82.37,22.9,34.699,32.216,50.727,55.231,21.487,23.55,14.712,16.771,27.139,4.654,4.246,6.797,5.963,3.685
Germany,1990,44.831,57.748,46.507,66.226,80.849,23.299,34.295,31.852,49.598,53.961,21.532,23.453,14.655,16.628,26.887,4.644,4.264,6.823,6.014,3.719
Germany,1991,45.265,57.511,46.489,65.285,79.454,23.617,34.039,31.657,48.55,52.712,21.647,23.472,14.832,16.735,26.742,4.619,4.26,6.742,5.975,3.739
Germany,1992,45.495,57.373,46.498,64.289,78.09,23.746,33.849,31.51,47.481,51.47,21.748,23.524,14.988,16.808,26.621,4.598,4.251,6.672,5.95,3.756
Germany,1993,45.754,57.606,46.626,63.241,76.968,23.822,33.891,31.53,46.434,50.339,21.932,23.715,15.096,16.807,26.629,4.56,4.217,6.624,5.95,3.755
Germany,1994,46.085,58.096,46.833,62.194,76.048,23.854,34.036,31.612,45.38,49.257,22.231,24.059,15.221,16.813,26.791,4.498,4.156,6.57,5.948,3.733
Germany,1995,46.303,58.599,47.107,61.449,75.398,23.775,34.178,31.702,44.542,48.39,22.527,24.421,15.405,16.907,27.007,4.439,4.095,6.491,5.915,3.703
Germany,1996,46.399,59.019,47.434,61.065,74.992,23.648,34.306,31.807,43.993,47.797,22.752,24.713,15.627,17.072,27.195,4.395,4.046,6.399,5.858,3.677
Germany,1997,46.473,59.439,47.877,61.284,75.135,23.551,34.488,31.987,43.953,47.728,22.922,24.951,15.89,17.331,27.407,4.363,4.008,6.293,5.77,3.649
Germany,1998,46.551,59.654,48.196,61.426,75.115,23.353,34.382,31.914,43.69,47.396,23.198,25.272,16.282,17.735,27.72,4.311,3.957,6.142,5.638,3.608
Germany,1999,46.814,59.937,48.398,61.525,75.289,23.159,34.167,31.702,43.352,47.046,23.655,25.769,16.696,18.173,28.243,4.227,3.881,5.989,5.503,3.541
Germany,2000,47.306,60.544,48.626,62.127,76.412,23.059,34.118,31.585,43.537,47.374,24.248,26.427,17.042,18.59,29.039,4.124,3.784,5.868,5.379,3.444
Germany,2001,47.789,61.108,48.653,62.551,77.562,22.878,33.952,31.327,43.606,47.633,24.911,27.156,17.325,18.945,29.929,4.014,3.682,5.772,5.278,3.341
Germany,2002,48.209,61.673,48.527,62.708,78.62,22.62,33.76,31.015,43.525,47.781,25.588,27.913,17.512,19.184,30.839,3.908,3.583,5.71,5.213,3.243
Germany,2003,48.658,62.363,48.354,62.724,79.734,22.319,33.595,30.696,43.356,47.888,26.34,28.768,17.657,19.368,31.846,3.797,3.476,5.663,5.163,3.14
Germany,2004,49.298,63.292,48.405,62.878,80.988,22.027,33.466,30.415,43.133,47.929,27.27,29.827,17.991,19.745,33.059,3.667,3.353,5.558,5.065,3.025
Germany,2005,50.042,64.344,48.755,63.37,82.369,21.746,33.351,30.187,42.979,47.977,28.296,30.993,18.567,20.392,34.392,3.534,3.227,5.386,4.904,2.908
Germany,2006,50.844,65.275,49.103,63.573,83.243,21.436,33.053,29.819,42.418,47.518,29.408,32.221,19.284,21.156,35.724,3.4,3.104,5.186,4.727,2.799
Germany,2007,51.461,65.685,49.414,63.678,83.41,21.182,32.563,29.365,41.715,46.744,30.279,33.122,20.049,21.963,36.666,3.303,3.019,4.988,4.553,2.727
Germany,2008,51.815,65.685,49.808,64.267,83.554,21.016,32.072,28.999,41.449,46.316,30.799,33.613,20.809,22.818,37.238,3.247,2.975,4.806,4.383,2.685
Germany,2009,52.158,65.718,50.444,65.48,84.15,20.933,31.71,28.787,41.66,46.36,31.225,34.008,21.656,23.821,37.791,3.203,2.94,4.618,4.198,2.646
Germany,2010,52.118,65.226,51.116,66.794,84.152,20.834,31.247,28.578,41.918,46.28,31.284,33.979,22.538,24.876,37.872,3.197,2.943,4.437,4.02,2.641
Germany,2011,51.746,64.397,51.603,67.471,83.223,20.606,30.66,28.274,41.7,45.623,31.141,33.737,23.329,25.77,37.6,3.211,2.964,4.287,3.88,2.66
Germany,2012,51.581,64.082,51.832,67.227,82.209,20.298,30.219,27.963,40.938,44.605,31.283,33.863,23.869,26.289,37.604,3.197,2.953,4.189,3.804,2.659
Germany,2013,51.62,64.079,51.876,66.634,81.44,20.063,29.929,27.703,40.112,43.677,31.557,34.15,24.172,26.521,37.763,3.169,2.928,4.137,3.771,2.648
Germany,2014,51.832,64.323,52.035,66.471,81.317,20.01,29.883,27.649,39.768,43.315,31.822,34.44,24.387,26.702,38.002,3.142,2.904,4.101,3.745,2.631
Germany,2015,52.122,64.798,51.965,66.127,81.584,20.096,30.103,27.759,39.664,43.355,32.027,34.696,24.207,26.463,38.23,3.122,2.882,4.131,3.779,2.616
Germany,2016,52.582,65.415,51.82,65.82,82.173,20.334,30.454,27.951,39.751,43.671,32.248,34.96,23.868,26.07,38.502,3.101,2.86,4.19,3.836,2.597
Germany,2017,53.258,65.986,51.842,65.836,82.853,20.624,30.642,28.031,39.83,43.917,32.634,35.345,23.812,26.006,38.936,3.064,2.829,4.2,3.845,2.568
Germany,2018,53.875,66.384,51.892,65.917,83.363,20.87,30.695,28.021,39.843,44.032,33.006,35.689,23.87,26.075,39.331,3.03,2.802,4.189,3.835,2.543
Germany,2019,54.538,66.886,52.148,66.203,83.948,21.114,30.791,28.072,39.902,44.163,33.424,36.095,24.076,26.3,39.785,2.992,2.77,4.153,3.802,2.514
Germany,2020,55.295,67.504,52.556,66.617,84.611,21.371,30.913,28.155,39.967,44.283,33.924,36.591,24.401,26.65,40.328,2.948,2.733,4.098,3.752,2.48
Germany,2021,56.231,68.333,53.067,66.938,85.261,21.65,31.073,28.255,39.878,44.255,34.581,37.26,24.812,27.06,41.007,2.892,2.684,4.03,3.695,2.439
Germany,2022,57.162,69.271,53.564,67.034,85.786,21.865,31.255,28.355,39.613,44.06,35.297,38.016,25.21,27.421,41.725,2.833,2.63,3.967,3.647,2.397
Germany,2023,57.992,70.225,53.992,67.042,86.314,21.985,31.43,28.433,39.317,43.853,36.006,38.794,25.559,27.725,42.461,2.777,2.578,3.913,3.607,2.355
Netherlands,1950,58.827,82.003,72.541,99.819,112.621,46.535,67.916,64.385,90.374,96.164,12.293,14.087,8.155,9.445,16.456,8.135,7.099,12.262,10.588,6.077
Netherlands,1951,59.554,82.383,72.776,99.838,112.804,47.014,68.049,64.465,90.225,96.078,12.54,14.334,8.312,9.614,16.725,7.974,6.976,12.031,10.402,5.979
Netherlands,1952,60.325,82.894,73.111,99.936,113.102,47.489,68.251,64.6,90.106,96.04,12.836,14.643,8.511,9.83,17.062,7.79,6.829,11.749,10.173,5.861
Netherlands,1953,61.038,83.515,73.533,100.023,113.404,47.911,68.555,64.826,89.988,96.008,13.128,14.96,8.706,10.036,17.396,7.618,6.685,11.486,9.965,5.748
Netherlands,1954,61.587,84.176,74.021,100.109,113.655,48.211,68.931,65.13,89.885,95.97,13.375,15.245,8.891,10.224,17.685,7.476,6.559,11.248,9.781,5.654
Netherlands,1955,62.038,84.813,74.548,100.224,113.849,48.449,69.314,65.464,89.804,95.915,13.589,15.499,9.084,10.42,17.934,7.359,6.452,11.009,9.597,5.576
Netherlands,1956,62.512,85.483,75.077,100.384,114.134,48.713,69.733,65.821,89.79,95.951,13.799,15.75,9.256,10.594,18.183,7.247,6.349,10.804,9.439,5.5
Netherlands,1957,62.995,86.204,75.643,100.665,114.568,48.973,70.185,66.205,89.882,96.109,14.022,16.019,9.439,10.783,18.459,7.132,6.243,10.595,9.274,5.418
Netherlands,1958,63.392,87.018,76.262,101.16,115.291,49.137,70.702,66.635,90.173,96.507,14.255,16.317,9.627,10.987,18.783,7.015,6.129,10.387,9.102,5.324
Netherlands,1959,63.643,87.82,76.814,101.813,116.278,49.147,71.182,67.011,90.623,97.119,14.496,16.638,9.804,11.19,19.159,6.898,6.01,10.2,8.937,5.22
Netherlands,1960,63.882,88.492,77.239,102.423,117.235,49.132,71.528,67.257,91.023,97.683,14.75,16.965,9.982,11.4,19.552,6.78,5.895,10.018,8.772,5.115
Netherlands,1961,63.441,89.231,77.733,103.135,118.295,48.496,71.928,67.557,91.505,98.334,14.945,17.303,10.176,11.63,19.961,6.691,5.779,9.827,8.599,5.01
Netherlands,1962,62.343,89.943,78.221,103.915,119.407,47.303,72.347,67.882,92.085,99.081,15.04,17.596,10.339,11.83,20.326,6.649,5.683,9.672,8.453,4.92
Netherlands,1963,61.578,90.306,78.459,104.633,120.364,46.449,72.487,67.975,92.611,99.73,15.129,17.819,10.484,12.022,20.633,6.61,5.612,9.538,8.318,4.847
Netherlands,1964,61.148,90.334,78.454,105.249,121.123,45.889,72.31,67.797,92.992,100.184,15.26,18.023,10.657,12.257,20.939,6.553,5.548,9.384,8.159,4.776
Netherlands,1965,60.851,90.327,78.418,105.642,121.626,45.455,72.11,67.598,93.171,100.413,15.396,18.217,10.82,12.471,21.213,6.495,5.489,9.242,8.019,4.714
Netherlands,1966,60.577,89.332,77.502,105.938,122.034,45.044,71.018,66.58,93.267,100.556,15.533,18.314,10.922,12.672,21.478,6.438,5.46,9.156,7.892,4.656
Netherlands,1967,60.408,87.678,75.942,106.306,122.629,44.668,69.263,64.932,93.395,100.785,15.739,18.415,11.01,12.91,21.844,6.354,5.43,9.082,7.746,4.578
Netherlands,1968,60.262,86.54,74.808,106.356,122.905,44.31,67.972,63.697,93.239,100.717,15.953,18.569,11.111,13.117,22.188,6.268,5.385,9,7.624,4.507
Netherlands,1969,60.096,85.721,73.963,105.989,122.681,43.978,67.023,62.78,92.747,100.263,16.118,18.697,11.183,13.242,22.418,6.204,5.348,8.942,7.552,4.461
Netherlands,1970,59.888,85.085,73.288,105.666,122.498,43.629,66.265,62.041,92.318,99.874,16.258,18.821,11.247,13.348,22.625,6.151,5.313,8.892,7.492,4.42
Netherlands,1971,59.531,84.451,72.657,104.297,121.02,43.155,65.518,61.329,90.893,98.333,16.375,18.933,11.328,13.404,22.687,6.107,5.282,8.828,7.46,4.408
Netherlands,1972,59.056,83.758,72,101.983,118.393,42.56,64.701,60.561,88.55,95.744,16.495,19.057,11.439,13.433,22.649,6.062,5.247,8.742,7.444,4.415
Netherlands,1973,58.418,82.932,71.204,99.994,116.185,41.78,63.718,59.633,86.478,93.479,16.639,19.213,11.571,13.516,22.706,6.01,5.205,8.643,7.398,4.404
Netherlands,1974,57.586,81.992,70.303,98.316,114.347,40.789,62.594,58.574,84.658,91.501,16.796,19.398,11.729,13.659,22.846,5.954,5.155,8.526,7.321,4.377
Netherlands,1975,56.587,80.869,69.29,96.85,112.682,39.69,61.351,57.424,83.051,89.731,16.898,19.518,11.866,13.798,22.951,5.918,5.124,8.427,7.247,4.357
Netherlands,1976,55.455,79.576,68.172,95.424,110.994,38.513,60.006,56.195,81.505,87.999,16.942,19.571,11.977,13.918,22.994,5.903,5.11,8.349,7.185,4.349
Netherlands,1977,54.345,78.309,67.037,93.957,109.322,37.297,58.614,54.909,79.874,86.201,17.048,19.695,12.128,14.083,23.12,5.866,5.077,8.245,7.101,4.325
Netherlands,1978,53.282,77.079,65.893,92.518,107.748,36.092,57.22,53.605,78.258,84.449,17.19,19.859,12.288,14.26,23.299,5.817,5.035,8.138,7.013,4.292
Netherlands,1979,52.186,75.803,64.724,91.202,106.291,34.882,55.813,52.296,76.776,82.835,17.304,19.989,12.428,14.425,23.456,5.779,5.003,8.046,6.932,4.263
Netherlands,1980,51.126,74.513,63.597,89.979,104.86,33.757,54.457,51.05,75.409,81.316,17.369,20.056,12.547,14.57,23.544,5.758,4.986,7.97,6.863,4.247
Netherlands,1981,50.138,73.132,62.395,88.634,103.277,32.73,53.057,49.767,73.966,79.707,17.408,20.074,12.628,14.668,23.57,5.744,4.981,7.919,6.817,4.243
Netherlands,1982,49.158,71.632,61.109,87.219,101.581,31.701,51.545,48.385,72.433,77.989,17.457,20.087,12.725,14.787,23.592,5.728,4.978,7.859,6.763,4.239
Netherlands,1983,48.116,70.04,59.827,85.857,99.813,30.641,49.979,46.977,70.914,76.24,17.474,20.061,12.849,14.942,23.574,5.723,4.985,7.782,6.693,4.242
Netherlands,1984,46.995,68.35,58.469,84.351,97.862,29.524,48.341,45.504,69.269,74.346,17.471,20.009,12.965,15.082,23.516,5.724,4.998,7.713,6.63,4.252
Netherlands,1985,46.074,66.923,57.114,82.685,96.083,28.505,46.847,44.094,67.546,72.5,17.569,20.076,13.02,15.139,23.584,5.692,4.981,7.68,6.605,4.24
Netherlands,1986,45.479,65.863,55.909,80.97,94.519,27.721,45.617,42.88,65.846,70.776,17.758,20.246,13.03,15.124,23.744,5.631,4.939,7.675,6.612,4.212
Netherlands,1987,45.073,64.915,54.854,79.266,92.889,27.136,44.525,41.808,64.164,69.04,17.937,20.39,13.045,15.102,23.849,5.575,4.904,7.666,6.622,4.193
Netherlands,1988,44.926,64.036,53.822,77.535,91.282,26.777,43.494,40.785,62.489,67.328,18.149,20.542,13.036,15.046,23.954,5.51,4.868,7.671,6.646,4.175
Netherlands,1989,44.998,63.116,52.761,75.83,89.69,26.634,42.457,39.762,60.868,65.666,18.364,20.658,12.999,14.962,24.024,5.445,4.841,7.693,6.684,4.163
Netherlands,1990,45.182,62.152,51.888,74.461,88.14,26.653,41.457,38.832,59.466,64.128,18.529,20.695,13.055,14.995,24.012,5.397,4.832,7.66,6.669,4.165
Netherlands,1991,45.428,61.323,51.279,73.398,86.723,26.757,40.612,38.083,58.272,62.751,18.671,20.711,13.196,15.125,23.972,5.356,4.828,7.578,6.611,4.171
Netherlands,1992,45.693,60.703,50.831,72.395,85.414,26.882,39.955,37.501,57.159,61.475,18.81,20.748,13.33,15.236,23.938,5.316,4.82,7.502,6.563,4.177
Netherlands,1993,45.941,60.361,50.62,71.406,84.134,27.009,39.558,37.155,56.082,60.247,18.933,20.803,13.465,15.324,23.887,5.282,4.807,7.426,6.526,4.186
Netherlands,1994,46.213,60.313,50.638,70.294,82.763,27.14,39.4,37.023,54.902,58.922,19.073,20.912,13.615,15.392,23.841,5.243,4.782,7.345,6.497,4.194
Netherlands,1995,46.479,60.474,50.763,69.11,81.425,27.221,39.376,36.993,53.665,57.573,19.258,21.098,13.77,15.446,23.852,5.193,4.74,7.262,6.474,4.192
Netherlands,1996,46.678,60.702,50.92,68.098,80.324,27.248,39.415,37.015,52.61,56.437,19.43,21.288,13.905,15.487,23.887,5.147,4.698,7.192,6.457,4.186
Netherlands,1997,46.901,60.95,51.093,67.333,79.508,27.311,39.486,37.068,51.8,55.569,19.59,21.464,14.025,15.533,23.938,5.105,4.659,7.13,6.438,4.177
Netherlands,1998,47.161,61.203,51.309,66.95,79.078,27.438,39.598,37.168,51.347,55.077,19.723,21.605,14.141,15.603,24.001,5.07,4.629,7.072,6.409,4.167
Netherlands,1999,47.398,61.447,51.556,66.888,78.962,27.583,39.743,37.308,51.199,54.903,19.816,21.705,14.248,15.689,24.059,5.046,4.607,7.019,6.374,4.156
Netherlands,2000,47.6,61.66,51.791,67.03,79.06,27.702,39.867,37.433,51.231,54.921,19.898,21.793,14.357,15.799,24.139,5.026,4.589,6.965,6.33,4.143
Netherlands,2001,47.723,61.82,51.986,67.293,79.286,27.753,39.945,37.517,51.367,55.049,19.97,21.876,14.469,15.926,24.237,5.007,4.571,6.911,6.279,4.126
Netherlands,2002,47.778,62.009,52.186,67.555,79.54,27.727,40.027,37.6,51.496,55.179,20.052,21.983,14.586,16.059,24.361,4.987,4.549,6.856,6.227,4.105
Netherlands,2003,47.884,62.285,52.382,67.75,79.829,27.683,40.117,37.669,51.553,55.265,20.2,22.168,14.713,16.197,24.564,4.95,4.511,6.797,6.174,4.071
Netherlands,2004,48.049,62.579,52.496,67.842,80.138,27.597,40.12,37.632,51.483,55.254,20.451,22.459,14.864,16.36,24.884,4.89,4.453,6.728,6.113,4.019
Netherlands,2005,48.169,62.843,52.53,67.833,80.405,27.398,40.015,37.481,51.274,55.115,20.771,22.828,15.049,16.559,25.29,4.814,4.381,6.645,6.039,3.954
Netherlands,2006,48.214,63.038,52.507,67.758,80.589,27.117,39.832,37.259,50.984,54.884,21.097,23.207,15.249,16.774,25.705,4.74,4.309,6.558,5.962,3.89
Netherlands,2007,48.254,63.175,52.438,67.747,80.84,26.825,39.589,36.984,50.74,54.701,21.429,23.586,15.454,17.006,26.139,4.667,4.24,6.471,5.88,3.826
Netherlands,2008,48.383,63.374,52.371,67.851,81.301,26.564,39.35,36.7,50.588,54.642,21.819,24.024,15.671,17.263,26.66,4.583,4.163,6.381,5.793,3.751
Netherlands,2009,48.638,63.689,52.35,68.02,81.918,26.352,39.147,36.435,50.468,54.642,22.285,24.542,15.915,17.552,27.275,4.487,4.075,6.283,5.697,3.666
Netherlands,2010,48.939,63.94,52.327,68.224,82.5,26.183,38.891,36.136,50.343,54.616,22.757,25.048,16.191,17.88,27.884,4.394,3.992,6.176,5.593,3.586
Netherlands,2011,49.632,64.558,52.24,68.355,83.549,26.095,38.672,35.777,50.15,54.676,23.538,25.885,16.462,18.205,28.873,4.249,3.863,6.075,5.493,3.463
Netherlands,2012,50.646,65.603,52.151,68.374,85.004,26.03,38.543,35.412,49.851,54.775,24.616,27.059,16.738,18.523,30.23,4.062,3.696,5.974,5.399,3.308
Netherlands,2013,51.429,66.474,52.167,68.454,86.166,25.868,38.373,35.075,49.533,54.741,25.561,28.101,17.092,18.921,31.425,3.912,3.559,5.851,5.285,3.182
Netherlands,2014,52.015,67.178,52.304,68.666,87.101,25.637,38.169,34.773,49.251,54.634,26.378,29.01,17.532,19.415,32.467,3.791,3.447,5.704,5.151,3.08
Netherlands,2015,52.427,67.776,52.447,68.792,87.789,25.361,37.985,34.514,48.936,54.444,27.066,29.792,17.933,19.856,33.345,3.695,3.357,5.576,5.036,2.999
Netherlands,2016,52.697,68.289,52.94,69.282,88.291,25.068,37.838,34.387,48.747,54.221,27.63,30.451,18.553,20.535,34.07,3.619,3.284,5.39,4.87,2.935
Netherlands,2017,52.984,68.768,53.732,70.183,88.804,24.804,37.681,34.324,48.698,54.026,28.18,31.087,19.408,21.485,34.778,3.549,3.217,5.152,4.654,2.875
Netherlands,2018,53.26,69.113,54.238,70.814,89.25,24.522,37.403,34.113,48.526,53.764,28.738,31.71,20.125,22.288,35.486,3.48,3.154,4.969,4.487,2.818
Netherlands,2019,53.513,69.287,54.483,71.202,89.575,24.246,37.013,33.776,48.254,53.433,29.267,32.274,20.707,22.948,36.142,3.417,3.098,4.829,4.358,2.767
Netherlands,2020,53.822,69.323,54.498,71.386,89.822,24.026,36.524,33.326,47.9,53.053,29.796,32.799,21.171,23.485,36.769,3.356,3.049,4.723,4.258,2.72
Netherlands,2021,54.199,69.373,54.429,71.479,90.104,23.881,36.071,32.888,47.56,52.726,30.318,33.302,21.54,23.919,37.378,3.298,3.003,4.642,4.181,2.675
Netherlands,2022,54.446,69.404,54.367,71.588,90.372,23.709,35.691,32.523,47.307,52.486,30.737,33.714,21.844,24.281,37.887,3.253,2.966,4.578,4.118,2.639
Netherlands,2023,54.626,69.397,54.256,71.534,90.465,23.459,35.252,32.101,46.897,52.073,31.168,34.145,22.155,24.636,38.391,3.208,2.929,4.514,4.059,2.605
United States of America,1950,54.482,73.321,64.226,87.764,99.747,42.163,59.499,56.377,78.789,83.818,12.319,13.822,7.849,8.974,15.929,8.117,7.235,12.74,11.143,6.278
United States of America,1951,55.791,74.61,65.302,88.331,100.51,43.221,60.522,57.296,79.209,84.331,12.57,14.089,8.007,9.122,16.178,7.955,7.098,12.49,10.963,6.181
United States of America,1952,57.091,76.013,66.516,89.079,101.42,44.274,61.653,58.326,79.78,84.987,12.816,14.36,8.189,9.299,16.433,7.803,6.964,12.211,10.754,6.085
United States of America,1953,58.419,77.551,67.858,90.001,102.516,45.36,62.914,59.479,80.518,85.821,13.06,14.637,8.378,9.484,16.695,7.657,6.832,11.936,10.544,5.99
United States of America,1954,59.829,79.196,69.294,91.113,103.828,46.518,64.272,60.72,81.435,86.853,13.311,14.924,8.573,9.678,16.975,7.513,6.701,11.664,10.332,5.891
United States of America,1955,61.288,80.893,70.794,92.392,105.302,47.722,65.677,62.011,82.497,88.033,13.566,15.215,8.783,9.894,17.268,7.371,6.572,11.385,10.107,5.791
United States of America,1956,62.654,82.644,72.348,93.825,106.944,48.857,67.151,63.366,83.723,89.39,13.797,15.493,8.983,10.102,17.554,7.248,6.455,11.132,9.899,5.697
United States of America,1957,63.796,84.482,73.931,95.412,108.831,49.788,68.705,64.775,85.125,90.971,14.008,15.778,9.156,10.287,17.86,7.139,6.338,10.922,9.721,5.599
United States of America,1958,64.766,86.379,75.554,97.202,110.965,50.558,70.307,66.223,86.721,92.773,14.208,16.072,9.33,10.481,18.192,7.038,6.222,10.718,9.541,5.497
United States of America,1959,65.786,88.393,77.31,99.208,113.307,51.336,71.973,67.738,88.454,94.715,14.45,16.421,9.571,10.754,18.592,6.92,6.09,10.448,9.299,5.379
United States of America,1960,66.935,90.468,79.096,101.265,115.74,52.193,73.647,69.25,90.2,96.687,14.743,16.821,9.847,11.065,19.053,6.783,5.945,10.156,9.037,5.249
United States of America,1961,67.608,92.246,80.628,103.285,118.119,52.637,75.074,70.537,91.928,98.636,14.971,17.172,10.091,11.357,19.483,6.679,5.823,9.91,8.805,5.133
United States of America,1962,67.509,93.354,81.671,105.227,120.262,52.416,75.932,71.344,93.562,100.416,15.093,17.422,10.327,11.666,19.847,6.625,5.74,9.683,8.572,5.039
United States of America,1963,67.182,93.914,82.28,106.979,122.11,52.012,76.319,71.74,95.011,101.956,15.169,17.595,10.54,11.968,20.153,6.592,5.683,9.488,8.356,4.962
United States of America,1964,66.878,94.396,82.793,108.591,123.837,51.621,76.624,72.05,96.332,103.373,15.256,17.772,10.742,12.259,20.464,6.555,5.627,9.309,8.158,4.887
United States of America,1965,66.561,95.008,83.286,110.008,125.542,51.141,76.954,72.329,97.453,104.662,15.42,18.053,10.957,12.555,20.88,6.485,5.539,9.126,7.965,4.789
United States of America,1966,65.999,94.886,83.101,110.91,126.701,50.446,76.627,71.993,98.115,105.461,15.553,18.259,11.108,12.795,21.24,6.43,5.477,9.002,7.815,4.708
United States of America,1967,65.117,93.76,82.083,111.076,126.929,49.516,75.453,70.905,98.118,105.488,15.601,18.308,11.178,12.957,21.442,6.41,5.462,8.946,7.718,4.664
United States of America,1968,64.08,92.521,80.929,110.756,126.653,48.441,74.171,69.705,97.682,105.05,15.639,18.35,11.224,13.074,21.603,6.394,5.45,8.91,7.649,4.629
United States of America,1969,62.998,91.49,79.939,110.505,126.487,47.324,73.076,68.668,97.319,104.708,15.674,18.414,11.271,13.185,21.779,6.38,5.431,8.872,7.584,4.592
United States of America,1970,61.995,90.647,79.168,110.664,126.714,46.251,72.119,67.776,97.27,104.681,15.744,18.528,11.391,13.394,22.033,6.352,5.397,8.778,7.466,4.539
United States of America,1971,60.851,89.605,78.198,110.125,126.169,45.07,71.002,66.731,96.603,103.98,15.781,18.602,11.467,13.521,22.19,6.337,5.376,8.721,7.396,4.507
United States of America,1972,59.407,88.108,76.717,108.315,124.328,43.629,69.489,65.281,94.835,102.125,15.778,18.619,11.436,13.48,22.204,6.338,5.371,8.745,7.418,4.504
United States of America,1973,57.833,86.328,74.97,106.258,122.226,42.041,67.685,63.559,92.807,99.992,15.792,18.643,11.411,13.452,22.235,6.332,5.364,8.763,7.434,4.497
United States of America,1974,56.299,84.426,73.137,104.363,120.279,40.47,65.748,61.724,90.891,97.97,15.829,18.678,11.413,13.472,22.309,6.317,5.354,8.762,7.423,4.482
United States of America,1975,54.882,82.534,71.338,102.596,118.44,38.973,63.786,59.873,89.04,96.003,15.908,18.749,11.465,13.556,22.437,6.286,5.334,8.723,7.377,4.457
United States of America,1976,53.544,80.675,69.574,100.814,116.571,37.539,61.842,58.042,87.157,93.997,16.005,18.833,11.532,13.656,22.575,6.248,5.31,8.672,7.323,4.43
United States of America,1977,52.404,78.905,67.898,99.009,114.664,36.277,59.974,56.284,85.243,91.949,16.127,18.931,11.614,13.766,22.715,6.201,5.282,8.61,7.264,4.402
United States of America,1978,51.501,77.236,66.326,97.189,112.712,35.219,58.189,54.607,83.295,89.852,16.281,19.047,11.719,13.894,22.86,6.142,5.25,8.533,7.197,4.375
United States of America,1979,50.789,75.7,64.873,95.335,110.719,34.328,56.52,53.037,81.312,87.716,16.461,19.18,11.836,14.023,23.003,6.075,5.214,8.449,7.131,4.347
United States of America,1980,50.321,74.306,63.559,93.518,108.746,33.671,54.999,51.608,79.379,85.625,16.65,19.307,11.951,14.14,23.121,6.006,5.18,8.368,7.072,4.325
United States of America,1981,50.052,72.996,62.367,91.823,106.837,33.235,53.608,50.314,77.584,83.656,16.817,19.388,12.053,14.239,23.181,5.946,5.158,8.297,7.023,4.314
United States of America,1982,49.944,71.864,61.357,90.233,105.008,32.955,52.391,49.188,75.886,81.78,16.989,19.473,12.169,14.347,23.229,5.886,5.135,8.217,6.97,4.305
United States of America,1983,49.923,70.906,60.478,88.625,103.198,32.743,51.321,48.19,74.182,79.913,17.18,19.585,12.288,14.444,23.285,5.821,5.106,8.138,6.923,4.295
United States of America,1984,49.883,70.066,59.681,87.029,101.437,32.509,50.352,47.277,72.501,78.087,17.374,19.714,12.403,14.528,23.35,5.756,5.073,8.062,6.883,4.283
United States of America,1985,49.765,69.442,59.069,85.498,99.759,32.213,49.583,46.548,70.897,76.347,17.552,19.859,12.521,14.601,23.412,5.697,5.036,7.987,6.849,4.271
United States of America,1986,49.705,69.094,58.658,83.98,98.162,31.961,49.052,46.024,69.33,74.674,17.745,20.043,12.634,14.651,23.488,5.636,4.989,7.915,6.826,4.257
United States of America,1987,49.893,68.943,58.413,82.587,96.719,31.92,48.687,45.652,67.878,73.132,17.972,20.257,12.761,14.709,23.587,5.564,4.937,7.836,6.799,4.24
United States of America,1988,50.283,68.902,58.327,81.447,95.473,32.085,48.45,45.416,66.651,71.803,18.198,20.452,12.911,14.796,23.67,5.495,4.889,7.746,6.759,4.225
United States of America,1989,50.775,68.897,58.319,80.535,94.421,32.353,48.262,45.239,65.62,70.667,18.421,20.636,13.08,14.915,23.754,5.428,4.846,7.645,6.705,4.21
United States of America,1990,51.238,68.801,58.274,79.97,93.706,32.628,48.03,45.034,64.916,69.87,18.61,20.771,13.24,15.054,23.836,5.373,4.814,7.553,6.643,4.195
United States of America,1991,51.654,68.735,58.341,79.834,93.361,32.922,47.893,44.943,64.617,69.478,18.732,20.842,13.399,15.217,23.884,5.338,4.798,7.463,6.571,4.187
United States of America,1992,51.998,68.935,58.671,79.932,93.246,33.17,48.01,45.093,64.534,69.309,18.828,20.926,13.579,15.398,23.937,5.311,4.779,7.364,6.494,4.178
United States of America,1993,52.16,69.236,59.088,80.012,93.115,33.283,48.24,45.347,64.464,69.156,18.878,20.996,13.741,15.548,23.959,5.297,4.763,7.278,6.432,4.174
United States of America,1994,52.145,69.44,59.435,79.932,92.778,33.267,48.417,45.558,64.271,68.86,18.877,21.023,13.877,15.661,23.919,5.297,4.757,7.206,6.385,4.181
United States of America,1995,51.969,69.554,59.694,79.621,92.193,33.117,48.52,45.699,63.88,68.351,18.852,21.034,13.995,15.742,23.842,5.304,4.754,7.145,6.353,4.194
United States of America,1996,51.675,69.561,59.846,79.21,91.512,32.885,48.556,45.774,63.433,67.787,18.79,21.006,14.073,15.777,23.725,5.322,4.761,7.106,6.338,4.215
United States of America,1997,51.293,69.382,59.853,78.99,91.022,32.602,48.456,45.73,63.176,67.422,18.691,20.926,14.123,15.814,23.599,5.35,4.779,7.08,6.324,4.237
United States of America,1998,50.865,69.058,59.75,78.967,90.732,32.307,48.262,45.604,63.12,67.27,18.559,20.797,14.145,15.847,23.463,5.388,4.808,7.069,6.31,4.262
United States of America,1999,50.445,68.653,59.535,78.943,90.495,32.029,48.009,45.413,63.103,67.177,18.416,20.645,14.122,15.84,23.318,5.43,4.844,7.081,6.313,4.288
United States of America,2000,50.036,68.187,59.223,78.908,90.305,31.753,47.692,45.15,63.095,67.114,18.283,20.495,14.073,15.813,23.19,5.47,4.879,7.106,6.324,4.312
United States of America,2001,49.639,67.671,58.824,78.772,90.059,31.471,47.314,44.818,63.006,66.984,18.168,20.357,14.007,15.766,23.075,5.504,4.912,7.139,6.343,4.334
United States of America,2002,49.252,67.118,58.332,78.404,89.639,31.173,46.875,44.41,62.718,66.667,18.079,20.243,13.921,15.686,22.971,5.531,4.94,7.183,6.375,4.353
United States of America,2003,48.875,66.634,57.835,77.927,89.189,30.856,46.466,44.012,62.345,66.292,18.018,20.168,13.822,15.582,22.898,5.55,4.958,7.235,6.418,4.367
United States of America,2004,48.498,66.233,57.402,77.425,88.725,30.513,46.1,43.651,61.925,65.869,17.985,20.132,13.751,15.5,22.856,5.56,4.967,7.272,6.452,4.375
United States of America,2005,48.096,65.856,57.003,76.883,88.201,30.131,45.736,43.295,61.439,65.37,17.965,20.12,13.708,15.443,22.83,5.566,4.97,7.295,6.475,4.38
United States of America,2006,47.803,65.609,56.645,76.361,87.805,29.795,45.431,42.972,60.967,64.923,18.008,20.178,13.673,15.394,22.882,5.553,4.956,7.314,6.496,4.37
United States of America,2007,47.774,65.6,56.355,75.905,87.693,29.582,45.214,42.69,60.531,64.588,18.191,20.386,13.665,15.374,23.105,5.497,4.905,7.318,6.505,4.328
United States of America,2008,47.919,65.681,56.053,75.499,87.771,29.449,44.993,42.378,60.121,64.324,18.47,20.688,13.675,15.379,23.446,5.414,4.834,7.313,6.503,4.265
United States of America,2009,48.098,65.665,55.678,75.102,87.838,29.332,44.673,41.98,59.695,64.037,18.766,20.992,13.698,15.407,23.801,5.329,4.764,7.3,6.491,4.201
United States of America,2010,48.246,65.476,55.211,74.662,87.77,29.204,44.221,41.478,59.208,63.651,19.042,21.255,13.733,15.454,24.119,5.252,4.705,7.282,6.471,4.146
United States of America,2011,48.511,65.375,54.725,74.205,87.824,29.106,43.766,40.948,58.694,63.282,19.405,21.608,13.777,15.512,24.542,5.153,4.628,7.258,6.447,4.075
United States of America,2012,48.994,65.578,54.396,73.855,88.163,29.063,43.429,40.496,58.203,62.993,19.93,22.149,13.9,15.652,25.17,5.017,4.515,7.194,6.389,3.973
United States of America,2013,49.5,65.9,54.251,73.592,88.487,29.017,43.17,40.139,57.71,62.662,20.483,22.73,14.112,15.882,25.825,4.882,4.399,7.086,6.296,3.872
United States of America,2014,49.959,66.272,54.193,73.283,88.686,28.952,42.979,39.857,57.171,62.253,21.008,23.293,14.336,16.111,26.433,4.76,4.293,6.975,6.207,3.783
United States of America,2015,50.38,66.715,54.171,72.863,88.79,28.861,42.858,39.633,56.562,61.774,21.52,23.857,14.538,16.301,27.016,4.647,4.192,6.879,6.135,3.701
United States of America,2016,50.789,67.221,54.338,72.629,88.908,28.751,42.782,39.486,56.017,61.3,22.037,24.439,14.852,16.612,27.608,4.538,4.092,6.733,6.02,3.622
United States of America,2017,51.236,67.783,54.728,72.734,89.167,28.642,42.718,39.394,55.616,60.907,22.593,25.065,15.334,17.118,28.26,4.426,3.99,6.522,5.842,3.539
United States of America,2018,51.694,68.367,55.101,72.912,89.564,28.498,42.622,39.263,55.256,60.577,23.196,25.746,15.837,17.656,28.987,4.311,3.884,6.314,5.664,3.45
United States of America,2019,52.164,68.969,55.39,73.097,90.116,28.315,42.487,39.072,54.92,60.319,23.848,26.482,16.318,18.178,29.797,4.193,3.776,6.128,5.501,3.356
United States of America,2020,52.59,69.472,55.532,73.197,90.661,28.066,42.234,38.76,54.521,60.018,24.524,27.237,16.772,18.676,30.643,4.078,3.671,5.962,5.354,3.263
United States of America,2021,52.952,69.929,55.627,73.296,91.217,27.755,41.935,38.406,54.119,59.716,25.197,27.994,17.221,19.176,31.501,3.969,3.572,5.807,5.215,3.175
United States of America,2022,53.378,70.547,55.87,73.561,91.955,27.427,41.691,38.104,53.778,59.477,25.951,28.856,17.767,19.783,32.478,3.853,3.465,5.628,5.055,3.079
United States of America,2023,53.909,71.259,56.194,73.9,92.782,27.08,41.406,37.763,53.38,59.176,26.829,29.854,18.43,20.52,33.605,3.727,3.35,5.426,4.873,2.976
