Country,Year,0,0-4,0-14,0-19,0-24,1-4,5-14,15+,15-24,15-49,15-59,15-64,20+,20-64,20-69,25+,25-69,40+,50+,60+,65+,70+,80+,90+,100+
Italy,1950,58.445,75.19,82.017,86.817,93.334,16.744,6.827,370.15,11.317,59.712,103.033,135.455,365.35,130.655,173.402,358.833,166.885,337.022,310.438,267.117,234.695,191.948,79.991,8.257,0.054
Italy,1951,56.428,72.13,78.747,83.354,89.58,15.703,6.617,402.434,10.833,59.772,105.287,139.554,397.827,134.947,181.492,391.601,175.266,370.092,342.662,297.147,262.88,216.335,91.772,9.569,0.069
Italy,1952,53.583,67.74,74.113,78.111,83.443,14.157,6.373,400.547,9.33,54.42,100.027,134.643,396.549,130.645,177.214,391.217,171.882,372.344,346.127,300.52,265.904,219.335,93.753,10.005,0.079
Italy,1953,48.746,60.314,66.488,70.222,75.153,11.568,6.174,405.954,8.665,52.396,98.181,133.383,402.22,129.649,177.671,397.289,172.74,379.529,353.558,307.773,272.571,224.549,95.069,10.222,0.083
Italy,1954,46.953,56.413,61.993,65.67,70.459,9.461,5.58,380.407,8.466,50.788,95.263,128.595,376.73,124.918,169.82,371.941,165.031,354.678,329.619,285.144,251.812,206.91,87.939,9.962,0.084
Italy,1955,44.289,52.863,58.364,62.109,66.776,8.575,5.501,388.134,8.412,50.705,95.853,129.529,384.389,125.784,170.993,379.722,166.326,362.456,337.429,292.281,258.605,213.396,90.647,10.687,0.095
Italy,1956,42.82,50.849,56.136,59.693,64.007,8.029,5.287,441.614,7.871,50.666,101.013,138.444,438.057,134.887,185.925,433.743,181.611,416.973,390.948,340.601,303.17,252.132,110.99,13.125,0.116
Italy,1957,44.532,53.117,58.676,62.407,66.823,8.586,5.559,425.314,8.147,51.051,102.016,139.57,421.583,135.839,186.909,417.167,182.493,399.479,374.263,323.298,285.744,234.674,101.333,12.019,0.118
Italy,1958,42.175,50.37,55.346,58.691,62.751,8.194,4.976,402.068,7.405,47.042,95.264,130.723,398.723,127.378,174.285,394.663,170.225,377.935,355.026,306.804,271.345,224.438,98.83,11.52,0.121
Italy,1959,41.497,48.965,53.805,57.023,61.098,7.467,4.84,400.61,7.293,46.42,95.289,130.993,397.392,127.775,173.801,393.317,169.726,375.968,354.19,305.321,269.617,223.591,99.707,11.93,0.135
Italy,1960,39.606,46.548,51.087,54.123,58.123,6.942,4.539,429.05,7.036,46.517,97.475,135.436,426.014,132.4,181.165,422.014,177.165,404.732,382.533,331.575,293.614,244.849,111.454,13.992,0.163
Italy,1961,38.077,44.218,48.73,51.858,56.003,6.141,4.512,419.472,7.273,45.724,96.653,134.57,416.344,131.442,178.65,412.199,174.505,395.147,373.748,322.819,284.902,237.694,108.529,13.44,0.159
Italy,1962,38.993,45.231,49.567,52.788,56.867,6.238,4.336,459.096,7.3,46.299,100.895,142.066,455.875,138.845,190.383,451.796,186.304,434.724,412.797,358.201,317.03,265.492,122.694,15.453,0.185
Italy,1963,38.51,44.329,48.659,52.283,56.534,5.819,4.33,468.077,7.875,47.575,102.988,145.237,464.453,141.613,194.694,460.202,190.443,442.638,420.502,365.089,322.84,269.759,125.096,15.906,0.198
Italy,1964,36.955,42.208,46.073,49.317,53.022,5.252,3.865,444.109,6.949,44.046,97.991,139.153,440.865,135.909,186.856,437.16,183.151,421.037,400.063,346.118,304.956,254.009,117.71,14.804,0.189
Italy,1965,34.999,40.01,43.756,46.987,50.247,5.011,3.746,473.609,6.491,43.427,98.519,142.154,470.378,138.923,193.845,467.118,190.585,451.347,430.182,375.09,331.455,276.533,130.793,17.187,0.22
Italy,1966,33.584,38.19,41.728,44.846,47.978,4.606,3.538,454.175,6.25,41.267,94.368,136.508,451.057,133.39,186.695,447.925,183.563,433.392,412.908,359.807,317.667,264.362,126.149,17.101,0.22
Italy,1967,31.023,35.373,38.862,41.92,45.237,4.35,3.489,471.265,6.375,42.411,95.514,138.588,468.207,135.53,191.021,464.89,187.704,450.346,428.854,375.751,332.677,277.186,133.838,18.945,0.239
Italy,1968,30.183,34.463,38.103,41.087,44.307,4.279,3.64,495.298,6.204,43.679,96.023,141.247,492.314,138.263,196.246,489.094,193.026,474.903,451.619,399.275,354.051,296.068,145.368,20.582,0.253
Italy,1969,28.751,32.778,36.374,39.405,42.839,4.027,3.596,502.621,6.465,45.817,97.961,147.103,499.59,144.072,206.549,496.156,203.115,481.973,456.804,404.66,355.518,293.041,137.255,19.126,0.24
Italy,1970,26.343,30.02,33.643,36.664,40.113,3.676,3.623,487.869,6.47,44.347,92.45,138.76,484.848,135.739,193.335,481.399,189.886,468.061,443.522,395.419,349.109,291.513,142.857,21.245,0.277
Italy,1971,25.903,29.181,32.685,35.551,39.045,3.278,3.504,490.815,6.36,43.443,90.676,137.191,487.949,134.325,192.11,484.455,188.616,471.38,447.372,400.139,353.624,295.839,147.531,21.817,0.29
Italy,1972,23.751,26.676,30.148,33.145,36.608,2.925,3.472,494.384,6.46,43.737,90.491,137.475,491.387,134.478,193.859,487.924,190.396,474.89,450.647,403.893,356.909,297.528,147.261,22.79,0.313
Italy,1973,22.609,25.296,28.794,31.775,35.007,2.686,3.498,519.235,6.213,42.787,88.673,136.21,516.254,133.229,194.869,513.022,191.637,500.353,476.448,430.562,383.025,321.385,162.982,26.433,0.364
Italy,1974,19.831,22.077,25.138,27.869,30.66,2.246,3.061,506.761,5.522,40.804,85.785,132.234,504.03,129.503,191.114,501.239,188.323,489.4,465.957,420.976,374.527,312.916,157.711,26.157,0.376
Italy,1975,17.016,19.174,22.245,25.1,28.101,2.158,3.071,531.686,5.856,40.824,86.913,134.195,528.831,131.34,196.449,525.83,193.448,514.087,490.862,444.773,397.491,332.382,166.627,27.861,0.411
Italy,1976,14.881,16.866,19.867,22.637,25.536,1.985,3.001,529.692,5.669,40.208,86.847,132.025,526.922,129.255,194.123,524.023,191.224,512.401,489.484,442.845,397.667,332.799,166.41,28.588,0.438
Italy,1977,13.12,14.917,17.845,20.597,23.54,1.797,2.928,526.823,5.695,38.934,86.983,128.396,524.071,125.644,190.481,521.128,187.538,509.943,487.889,439.84,398.427,333.59,167.758,29.838,0.474
Italy,1978,11.867,13.579,16.36,18.986,21.747,1.711,2.781,522.375,5.387,37.67,88.644,125.894,519.749,123.268,187.474,516.988,184.713,506.048,484.705,433.731,396.481,332.275,166.141,29.893,0.484
Italy,1979,10.224,11.733,14.367,17.211,20.196,1.51,2.634,521.685,5.829,37.635,90.467,123.728,518.841,120.884,183.959,515.856,180.974,505.011,484.05,431.218,397.957,334.882,168.921,30.963,0.518
Italy,1980,9.209,10.76,13.672,16.81,19.975,1.552,2.912,537.613,6.303,38.057,91.915,124.213,534.475,121.075,184.576,531.31,181.411,520.247,499.556,445.698,413.4,349.899,176.433,32.945,0.556
Italy,1981,8.773,10.031,12.32,15.31,18.364,1.258,2.289,533.338,6.044,36.277,89.166,122.212,530.348,119.222,179.15,527.294,176.096,516.944,497.061,444.172,411.126,351.198,179.571,33.41,0.593
Italy,1982,8.068,9.191,11.349,14.244,17.282,1.123,2.158,524.948,5.933,35.275,86.345,121.66,522.053,118.765,172.827,519.015,169.789,508.79,489.673,438.603,403.288,349.226,176.814,33.156,0.628
Italy,1983,7.194,8.381,10.412,13.243,16.358,1.186,2.031,555.123,5.946,35.259,87.063,127.38,552.292,124.549,175.556,549.177,172.441,538.801,519.864,468.06,427.743,376.736,194.594,37.317,0.73
Italy,1984,6.551,7.501,9.324,11.925,15.043,0.949,1.823,526.441,5.719,33.779,82.74,125.257,523.84,122.656,166.802,520.722,163.684,510.72,492.662,443.701,401.184,357.038,183.465,34.727,0.712
Italy,1985,5.927,6.841,8.606,11.25,14.357,0.914,1.765,540.179,5.751,33.184,81.261,125.103,537.535,122.459,165.203,534.428,162.096,524.312,506.995,458.918,415.076,372.332,194.56,37.902,0.823
Italy,1986,5.522,6.285,7.919,10.233,13.302,0.763,1.634,538.143,5.383,32.963,79.453,122.41,535.829,120.096,164.043,532.76,160.974,522.623,505.18,458.69,415.733,371.786,198.341,38.526,0.861
Italy,1987,5.355,6.182,7.661,9.955,13.141,0.828,1.479,526.43,5.48,32.569,77.479,119.637,524.136,117.343,163.187,520.95,160.001,510.701,493.861,448.951,406.793,360.949,196.46,38.831,0.908
Italy,1988,5.249,5.993,7.35,9.644,12.993,0.744,1.357,533.245,5.643,32.805,75.846,117.17,530.951,114.876,165.618,527.602,162.269,516.964,500.44,457.399,416.075,365.333,206.77,41.852,1.019
Italy,1989,4.857,5.513,6.749,9.12,12.42,0.655,1.236,526.405,5.671,33.038,74.61,114.414,524.034,112.043,166.393,520.734,163.093,509.327,493.367,451.795,411.991,357.641,208.369,42.983,1.081
Italy,1990,4.637,5.283,6.501,8.945,12.344,0.647,1.218,538.442,5.843,33.97,74.317,113.246,535.998,110.802,166.944,532.599,163.545,520.16,504.472,464.125,425.196,369.054,221.421,46.691,1.188
Italy,1991,4.747,5.454,6.681,9.113,12.688,0.706,1.227,547.952,6.007,35.182,75.174,113.934,545.52,111.502,167.311,541.945,163.736,528.515,512.77,472.778,434.018,378.209,231.368,49.952,1.298
Italy,1992,4.618,5.289,6.474,8.82,12.291,0.67,1.185,542.092,5.817,34.941,73.343,110.675,539.746,108.329,163.212,536.275,159.741,522.704,507.151,468.749,431.417,376.534,233.34,51.261,1.38
Italy,1993,3.848,4.658,5.859,7.923,10.974,0.81,1.201,547.979,5.115,33.55,70.993,107.301,545.915,105.237,159.102,542.864,156.051,529.592,514.429,476.986,440.678,386.813,244.175,54.31,1.485
Italy,1994,3.45,4.164,5.218,7.156,9.927,0.714,1.054,552.349,4.709,33.896,70.716,106.041,550.411,104.103,157.108,547.64,154.337,533.805,518.453,481.633,446.308,393.303,252.059,57.839,1.599
Italy,1995,3.244,3.898,4.982,6.811,9.793,0.654,1.084,572.052,4.811,34.35,69.921,103.87,570.223,102.041,154.186,567.241,151.204,553.088,537.702,502.131,468.182,416.037,255.711,60.415,1.699
Italy,1996,3.233,3.832,4.859,6.549,9.281,0.598,1.027,547.897,4.422,33.165,67.904,100.637,546.207,98.947,150.054,543.475,147.322,529.71,514.732,479.993,447.26,396.153,256.074,62.52,1.775
Italy,1997,2.917,3.559,4.479,5.981,8.584,0.641,0.92,554.818,4.105,30.46,64.821,96.822,553.316,95.32,144.803,550.713,142.2,538.848,524.358,489.997,457.996,408.513,262.635,69.142,2.027
Italy,1998,2.86,3.309,4.156,5.632,8.265,0.449,0.847,568.273,4.109,29.597,63.715,95.523,566.797,94.047,143.399,564.164,140.766,552.97,538.676,504.558,472.75,423.398,267.175,74.894,2.219
Italy,1999,2.743,3.148,3.903,5.25,7.591,0.406,0.755,562.333,3.688,28.084,61.174,91.777,560.986,90.43,137.641,558.645,135.3,547.968,534.249,501.159,470.556,423.345,263.886,78.298,2.339
Italy,2000,2.449,2.858,3.629,4.906,7.146,0.409,0.771,554.565,3.517,27.454,59.407,89.183,553.288,87.906,132.633,551.048,130.393,540.524,527.111,495.158,465.382,420.655,262.888,81.948,2.505
Italy,2001,2.48,2.922,3.616,4.856,6.918,0.443,0.694,551.348,3.302,26.953,58.229,87.397,550.108,86.157,129.403,548.046,127.341,537.818,524.395,493.119,463.951,420.705,266.065,86.78,2.758
Italy,2002,2.366,2.805,3.561,4.713,6.664,0.441,0.756,554.866,3.103,26.239,56.685,85.095,553.714,83.943,125.642,551.763,123.691,542.004,528.627,498.181,469.771,428.072,275.391,92.794,2.97
Italy,2003,2.021,2.388,3.007,4.05,5.658,0.367,0.619,578.761,2.651,24.549,55.228,83.391,577.718,82.348,123.814,576.11,122.206,567.318,554.212,523.533,495.37,453.904,299.377,103.669,3.309
Italy,2004,2.133,2.491,3.048,4.038,5.587,0.358,0.557,537.382,2.539,23.607,52.831,78.855,536.392,77.865,117.65,534.843,116.101,526.676,513.775,484.551,458.527,418.742,275.662,96.594,3.204
Italy,2005,1.985,2.33,2.909,3.804,5.286,0.345,0.579,560.716,2.377,23.156,52.275,77.462,559.821,76.567,116.156,558.339,114.674,550.433,537.56,508.441,483.254,443.665,299.507,106.731,3.791
Italy,2006,1.928,2.276,2.781,3.718,5.059,0.348,0.505,551.533,2.278,22.801,51.675,76.021,550.596,75.084,113.491,549.255,112.15,541.659,528.732,499.858,475.512,437.105,298.42,103.615,4.001
Italy,2007,1.855,2.178,2.742,3.736,5.004,0.323,0.564,565.457,2.262,22.462,50.472,74.979,564.463,73.985,112.137,563.195,110.869,555.995,542.995,514.985,490.478,452.326,314.293,105.172,4.51
Italy,2008,1.912,2.258,2.755,3.698,4.862,0.345,0.497,575.812,2.107,21.914,49.689,74.652,574.869,73.709,110.597,573.705,109.433,566.852,553.898,526.123,501.16,464.272,327.68,104.34,5.072
Italy,2009,1.956,2.277,2.807,3.665,4.888,0.321,0.53,583.395,2.081,21.511,49.128,74.771,582.537,73.913,109.899,581.314,108.676,574.896,561.884,534.267,508.624,472.638,336.147,101.483,5.522
Italy,2010,1.787,2.113,2.582,3.365,4.396,0.327,0.469,580.327,1.814,20.479,47.316,72.623,579.544,71.84,105.954,578.513,104.923,572.485,559.848,533.011,507.704,473.59,340.936,104.237,6.034
Italy,2011,1.69,1.985,2.486,3.199,4.32,0.295,0.501,590.402,1.834,20.132,47.378,72.837,589.689,72.124,106.386,588.568,105.265,582.854,570.27,543.024,517.565,483.303,351.588,112.302,6.524
Italy,2012,1.591,1.889,2.332,2.968,3.964,0.297,0.443,609.748,1.632,19.713,47.042,72.232,609.112,71.596,106.402,608.116,105.406,602.583,590.035,562.706,537.516,502.71,370.303,122.789,7.103
Italy,2013,1.499,1.795,2.227,2.82,3.752,0.296,0.432,596.363,1.525,18.75,45.971,69.955,595.77,69.362,104.332,594.838,103.4,589.651,577.613,550.392,526.408,491.438,363.62,125.241,7.243
Italy,2014,1.372,1.638,2.065,2.638,3.488,0.266,0.427,597.104,1.423,17.952,45.203,68.667,596.531,68.094,103.891,595.681,103.041,590.756,579.152,551.901,528.437,492.64,367.386,130.935,7.553
Italy,2015,1.378,1.641,2.039,2.663,3.544,0.263,0.398,644.361,1.505,18.229,46.674,70.652,643.737,70.028,107.147,642.856,106.266,638.053,626.132,597.687,573.709,536.59,406.109,150.381,8.22
Italy,2016,1.317,1.524,1.999,2.529,3.377,0.207,0.475,616.761,1.378,17.145,45.075,67.723,616.231,67.193,103.455,615.383,102.607,610.802,599.616,571.686,549.038,512.776,388.09,146.465,7.464
Italy,2017,1.306,1.562,2.059,2.702,3.673,0.255,0.497,654.358,1.614,17.984,46.485,70.183,653.715,69.54,105.674,652.744,104.703,647.972,636.374,607.873,584.175,548.041,418.307,162.595,7.362
Italy,2018,1.245,1.497,1.906,2.503,3.338,0.251,0.409,633.729,1.432,16.668,44.798,67.944,633.132,67.347,101.623,632.297,100.788,627.849,617.061,588.931,565.785,531.509,406.321,160.946,6.493
Italy,2019,1.05,1.259,1.604,2.15,2.968,0.208,0.345,642.307,1.364,15.958,43.836,66.984,641.761,66.438,99.772,640.943,98.954,636.777,626.349,598.471,575.323,541.989,417.681,167.603,6.233
Italy,2020,1.006,1.189,1.557,2.048,2.808,0.183,0.368,748.823,1.251,16.401,47.323,74.304,748.332,73.813,112.149,747.572,111.389,743.312,732.422,701.5,674.519,636.183,489.666,197.192,7.675
Italy,2021,0.922,1.109,1.479,2.051,2.831,0.187,0.37,672.674,1.352,16.434,47.251,73.915,672.102,73.343,111.297,671.322,110.517,666.898,656.24,625.423,598.759,560.805,421.801,164.042,7.69
Italy,2022,1.041,1.53,2.167,2.911,3.964,0.488,0.637,739.498,1.797,19.523,53.187,81.538,738.754,80.794,120.954,737.701,119.901,732.153,719.975,686.311,657.96,617.8,473.288,198.075,10.279
Italy,2023,0.869,1.038,1.331,1.819,2.552,0.169,0.293,662.116,1.221,13.934,41.408,65.574,661.628,65.086,97.805,660.895,97.072,657.235,648.182,620.708,596.542,563.823,441.704,185.901,9.983
Spain,1950,42.494,58.389,65.883,71.589,79.657,15.895,7.494,244.564,13.774,55.567,84.032,105.283,238.858,99.577,125.596,230.79,117.528,208.416,188.997,160.532,139.281,113.262,48.995,8.151,0.277
Spain,1951,39.128,53.29,60.427,65.302,72.435,14.161,7.137,268.451,12.008,52.363,83.382,107.313,263.576,102.438,132.085,256.443,124.952,235.602,216.088,185.069,161.138,131.491,55.595,8.891,0.273
Spain,1952,36.394,47.314,53.323,56.955,62.048,10.919,6.009,223.392,8.725,42.007,69.15,89.791,219.76,86.159,111.058,214.667,105.965,198.083,181.385,154.242,133.601,108.702,46.034,7.249,0.228
Spain,1953,34.263,43.337,48.458,51.306,55.432,9.074,5.121,229.62,6.974,37.695,64.507,85.359,226.772,82.511,109.26,222.646,105.134,207.955,191.925,165.113,144.261,117.512,50.589,7.806,0.235
Spain,1954,31.829,39.971,44.498,46.878,50.525,8.143,4.527,219.053,6.027,34.669,61.005,80.529,216.673,78.149,103.8,213.026,100.153,199.41,184.384,158.048,138.524,112.873,48.751,7.486,0.222
Spain,1955,34.036,42.164,46.599,48.954,52.58,8.127,4.435,227.661,5.981,34.312,60.627,80.715,225.306,78.36,104.92,221.68,101.294,208.012,193.349,167.034,146.946,120.386,53.72,8.209,0.222
Spain,1956,31.919,38.613,42.564,44.638,47.888,6.692,3.951,246.607,5.324,33.976,62.317,84.039,244.533,81.965,110.92,241.283,107.67,227.752,212.631,184.29,162.568,133.613,59.167,8.949,0.228
Spain,1957,34.817,41.501,45.678,47.721,51.08,6.684,4.177,247.958,5.402,35.154,64.336,86.616,245.915,84.573,114.324,242.556,110.965,228.234,212.804,183.622,161.342,131.591,57.639,8.573,0.202
Spain,1958,31.492,37.168,40.754,42.517,45.253,5.676,3.586,218.67,4.499,29.945,56.057,75.389,216.907,73.626,98.863,214.171,96.127,201.864,188.725,162.613,143.281,118.044,52.544,7.668,0.173
Spain,1959,31.524,37.249,40.763,42.596,45.096,5.726,3.514,227.524,4.333,29.648,56.83,76.862,225.691,75.029,101.314,223.191,98.814,211.035,197.876,170.694,150.662,124.377,55.349,8.132,0.171
Spain,1960,30.262,35.043,38.122,39.937,42.073,4.781,3.079,230.246,3.951,28.309,55.17,75.61,228.431,73.795,100.52,226.295,98.384,214.784,201.937,175.076,154.636,127.911,58.017,8.938,0.177
Spain,1961,30.729,35.486,38.529,40.273,42.284,4.758,3.043,222.876,3.755,27.343,53.271,73.654,221.132,71.91,98.276,219.121,96.265,208.028,195.533,169.605,149.222,122.856,56.236,8.923,0.176
Spain,1962,27.238,31.433,34.544,36.369,38.351,4.195,3.111,240.367,3.807,27.854,55.036,76.903,238.542,75.078,103.669,236.56,101.687,225.396,212.513,185.331,163.464,134.873,61.663,9.62,0.187
Spain,1963,27.081,31.12,34.207,35.974,37.947,4.039,3.087,245.763,3.74,27.582,55.029,78.095,243.996,76.328,104.893,242.023,102.92,231.209,218.181,190.734,167.668,139.103,63.134,9.859,0.184
Spain,1964,27.313,30.645,33.426,35.223,37.273,3.332,2.781,237.469,3.847,26.832,53.509,76.188,235.672,74.391,101.7,233.622,99.65,223.43,210.637,183.96,161.281,133.972,61.692,9.494,0.185
Spain,1965,25.12,28.156,30.831,32.529,34.712,3.036,2.675,240.22,3.881,26.756,52.677,75.11,238.522,73.412,101.539,236.339,99.356,226.38,213.464,187.543,165.11,136.983,63.209,9.936,0.193
Spain,1966,23.865,26.679,29.22,30.923,33.111,2.814,2.541,243.546,3.891,26.581,52.926,75.024,241.843,73.321,102.115,239.655,99.927,229.974,216.965,190.62,168.522,139.728,64.765,10.448,0.205
Spain,1967,23.125,25.676,28.149,29.834,32.056,2.552,2.473,249.13,3.907,26.817,52.916,76.115,247.445,74.43,103.493,245.223,101.271,235.688,222.313,196.214,173.015,143.952,66.947,10.866,0.212
Spain,1968,21.29,23.764,26.212,27.83,29.971,2.473,2.448,253.3,3.759,26.268,52.014,74.617,251.682,72.999,103.437,249.541,101.296,240.271,227.032,201.286,178.683,148.245,69.838,11.449,0.225
Spain,1969,20.226,22.732,25.261,26.977,29.303,2.506,2.529,275.011,4.042,28.261,55.538,80.108,273.295,78.392,112.671,270.969,110.345,261.37,246.75,219.473,194.903,160.624,74.786,12.238,0.239
Spain,1970,18.628,21.067,23.648,25.348,27.612,2.439,2.581,258.697,3.964,27.18,52.529,74.999,256.997,73.299,104.771,254.733,102.507,245.497,231.517,206.168,183.698,152.226,73.398,12.158,0.266
Spain,1971,17.264,19.838,22.399,24.09,26.342,2.574,2.561,282.271,3.943,27.457,54.591,79.015,280.58,77.324,110.478,278.328,108.226,269.638,254.814,227.68,203.256,170.102,80.317,13.054,0.287
Spain,1972,15.244,17.611,20.1,21.765,23.917,2.367,2.489,261.821,3.817,26.031,51.299,73.433,260.156,71.768,102.745,258.004,100.593,249.554,235.79,210.522,188.388,157.411,76.33,12.506,0.271
Spain,1973,14.326,16.684,19.165,21.002,23.263,2.359,2.481,278.904,4.098,26.305,52.793,75.872,277.067,74.035,106.24,274.806,103.979,266.501,252.599,226.111,203.032,170.827,82.951,13.478,0.293
Spain,1974,13.772,15.892,18.342,20.135,22.239,2.121,2.45,278.793,3.897,25.895,52.294,74.994,277,73.201,105.366,274.896,103.262,266.739,252.898,226.499,203.799,171.634,82.989,13.621,0.299
Spain,1975,12.469,14.523,16.833,18.555,20.563,2.055,2.31,278.392,3.73,25.285,52.078,74.309,276.67,72.587,104.415,274.662,102.407,266.963,253.107,226.314,204.083,172.255,83.775,14.017,0.321
Spain,1976,11.626,13.48,15.677,17.473,19.416,1.855,2.197,280.736,3.739,24.718,52.165,73.659,278.94,71.863,103.825,276.997,101.882,269.636,256.018,228.571,207.077,175.115,85.853,14.676,0.345
Spain,1977,10.366,12.343,14.549,16.353,18.428,1.977,2.206,276.776,3.879,24.043,51.16,71.887,274.972,70.083,101.056,272.897,98.981,265.738,252.733,225.616,204.889,173.916,86.441,14.835,0.354
Spain,1978,9.595,11.587,13.831,15.789,18.03,1.993,2.244,279.577,4.199,24.473,51.9,72.168,277.619,70.21,100.836,275.378,98.595,268.049,255.104,227.677,207.409,176.783,87.877,15.748,0.382
Spain,1979,8.428,10.288,12.503,14.439,16.655,1.859,2.215,275.791,4.152,24.064,51.647,71.436,273.855,69.5,98.905,271.639,96.689,264.184,251.727,224.144,204.355,174.95,87.029,15.875,0.389
Spain,1980,6.845,8.49,10.644,12.407,14.561,1.646,2.154,275.476,3.917,22.927,50.296,69.522,273.713,67.759,95.799,271.559,93.645,264.255,252.549,225.18,205.954,177.914,90.125,16.889,0.429
Spain,1981,6.346,7.885,9.816,11.6,13.765,1.54,1.931,280.929,3.949,22.602,49.783,69.773,279.145,67.989,95.759,276.98,93.594,269.931,258.327,231.146,211.156,183.386,95.205,17.772,0.453
Spain,1982,5.691,6.923,8.674,10.359,12.431,1.232,1.751,275.089,3.757,21.545,48.219,68.005,273.404,66.32,92.694,271.332,90.622,264.389,253.544,226.87,207.084,180.71,94.292,17.657,0.465
Spain,1983,5.165,6.444,8.193,10.025,12.313,1.278,1.749,291.577,4.12,22.208,49.114,70.124,289.745,68.292,95.004,287.457,92.716,280.057,269.369,242.463,221.453,194.741,104.479,20.122,0.535
Spain,1984,4.624,5.73,7.36,9.222,11.582,1.106,1.63,289.606,4.222,22.179,48.988,70.772,287.744,68.91,94.923,285.384,92.563,278.014,267.427,240.618,218.834,192.821,104.56,20.551,0.559
Spain,1985,4.02,5.024,6.685,8.427,10.948,1.004,1.661,303.891,4.263,22.422,49.573,71.932,302.149,70.19,96.884,299.628,94.363,292.008,281.469,254.318,231.959,205.265,114.02,22.773,0.634
Spain,1986,4.024,4.932,6.462,8.371,11.014,0.907,1.53,301.299,4.552,22.637,49.19,71.366,299.39,69.457,96.182,296.747,93.539,288.821,278.662,252.109,229.933,203.208,114.328,23.216,0.659
Spain,1987,3.752,4.532,5.9,8.028,11.02,0.78,1.368,300.957,5.12,23.793,49.927,71.897,298.829,69.769,97.104,295.837,94.112,287.345,277.164,251.03,229.06,201.725,115.32,23.429,0.663
Spain,1988,3.382,4.17,5.491,7.505,10.655,0.789,1.321,310.855,5.164,24.834,51.033,73.114,308.841,71.1,99.785,305.691,96.635,296.47,286.021,259.822,237.741,209.056,122.855,25.39,0.739
Spain,1989,3.198,3.979,5.286,7.439,10.782,0.781,1.307,316.808,5.496,26.538,51.903,73.792,314.655,71.639,101.102,311.312,97.759,301.164,290.27,264.905,243.016,213.553,127.615,26.383,0.785
Spain,1990,3.097,3.854,5.203,7.342,10.681,0.758,1.349,325.22,5.478,27.187,51.872,73.869,323.081,71.73,102.072,319.742,98.733,308.877,298.033,273.348,251.351,221.009,134.231,28.984,0.852
Spain,1991,2.875,3.528,4.72,6.748,10.092,0.653,1.192,330.092,5.372,28.361,52.412,74.594,328.064,72.566,103.101,324.72,99.757,312.954,301.731,277.68,255.498,224.963,138.526,30.801,0.874
Spain,1992,2.821,3.459,4.5,6.264,9.241,0.638,1.041,324.062,4.741,28.012,51.077,73.071,322.298,71.307,100.933,319.321,97.956,307.183,296.05,272.985,250.991,221.365,136.786,31.358,0.865
Spain,1993,2.555,3.175,4.145,5.764,8.324,0.621,0.97,332.643,4.179,27.755,49.945,71.806,331.024,70.187,100.563,328.464,98.003,316.305,304.888,282.698,260.837,230.461,144.017,34.447,0.946
Spain,1994,2.217,2.792,3.701,5.045,7.369,0.574,0.909,330.787,3.668,27.943,49.411,70.603,329.443,69.259,98.864,327.119,96.54,314.389,302.844,281.376,260.184,230.579,145.138,35.929,0.985
Spain,1995,1.999,2.521,3.358,4.733,7,0.522,0.837,338.811,3.642,28.477,49.701,70.826,337.436,69.451,99.343,335.169,97.076,321.834,310.334,289.11,267.985,238.093,150.72,38.892,1.076
Spain,1996,2.017,2.568,3.382,4.712,6.862,0.552,0.814,343.988,3.48,28.134,49.163,69.692,342.658,68.362,98.112,340.508,95.962,327.355,315.854,294.825,274.296,244.546,155.275,41.609,1.192
Spain,1997,1.856,2.332,3.068,4.395,6.272,0.475,0.736,342.377,3.204,25.196,45.369,65.27,341.05,63.943,93.533,339.173,91.656,328.379,317.181,297.008,277.107,247.517,157.376,43.558,1.263
Spain,1998,1.771,2.177,2.892,4.151,6.153,0.405,0.715,353.21,3.261,23.974,44.233,63.356,351.951,62.097,91.873,349.949,89.871,340.241,329.236,308.977,289.854,260.078,165.169,47.623,1.381
Spain,1999,1.717,2.106,2.765,3.971,5.864,0.389,0.659,363.768,3.099,23.984,45.369,63.503,362.562,62.297,92.71,360.669,90.817,351.221,339.784,318.399,300.265,269.852,172.351,50.494,1.454
Spain,2000,1.752,2.121,2.764,3.9,5.796,0.37,0.643,353.434,3.032,23.89,45.14,62.097,352.298,60.961,90.099,350.402,88.203,341.173,329.544,308.294,291.337,262.199,166.68,50.205,1.543
Spain,2001,1.633,1.985,2.572,3.585,5.278,0.354,0.587,352.581,2.706,23.366,44.971,61.296,351.568,60.283,88.372,349.875,86.679,340.777,329.215,307.61,291.285,263.196,168.023,51.444,1.695
Spain,2002,1.703,2.075,2.655,3.579,5.278,0.371,0.58,360.776,2.623,23.352,45.043,60.816,359.852,59.892,87.273,358.153,85.574,349.464,337.424,315.733,299.96,272.579,176.379,55.42,1.928
Spain,2003,1.706,2.13,2.707,3.702,5.329,0.424,0.577,376.423,2.622,23.912,46.324,62.238,375.428,61.243,87.739,373.801,86.112,365.106,352.511,330.099,314.185,287.689,189.492,60.453,2.174
Spain,2004,1.784,2.145,2.657,3.558,4.977,0.361,0.512,363.991,2.32,23.07,45.271,61.32,363.09,60.419,84.743,361.671,83.324,353.385,340.921,318.72,302.671,278.347,183.596,58.202,2.167
Spain,2005,1.711,2.074,2.568,3.467,4.825,0.363,0.494,379.583,2.257,22.766,45.174,62.064,378.684,61.165,84.727,377.326,83.369,369.372,356.817,334.409,317.519,293.957,196.483,62.355,2.406
Spain,2006,1.663,2.006,2.49,3.26,4.465,0.344,0.484,364.15,1.975,21.949,44.474,61.371,363.38,60.601,82.598,362.175,81.393,354.753,342.201,319.676,302.779,280.782,188.784,60.071,2.446
Spain,2007,1.663,2.032,2.508,3.282,4.373,0.369,0.476,378.113,1.865,21.792,44.559,62.286,377.339,61.512,83.118,376.248,82.027,369.165,356.321,333.554,315.827,294.221,200.756,63.437,2.7
Spain,2008,1.712,2.041,2.525,3.258,4.293,0.329,0.484,379.49,1.768,21.366,44.364,62.065,378.757,61.332,82.359,377.722,81.324,371.017,358.124,335.126,317.425,296.398,205.684,65.453,2.951
Spain,2009,1.531,1.909,2.334,2.932,3.823,0.377,0.425,379.243,1.489,20.119,43.019,60.672,378.645,60.074,82.373,377.754,81.482,371.497,359.124,336.224,318.571,296.272,208.764,66.193,3.111
Spain,2010,1.522,1.866,2.276,2.772,3.57,0.344,0.41,376.74,1.294,18.878,42.105,59.406,376.244,58.91,81.127,375.446,80.329,369.858,357.862,334.635,317.334,295.117,211.373,67.857,3.322
Spain,2011,1.432,1.749,2.184,2.667,3.41,0.316,0.435,382.129,1.226,18.198,41.79,59.19,381.646,58.707,81.241,380.903,80.498,375.549,363.931,340.339,322.939,300.405,218.406,70.643,3.512
Spain,2012,1.354,1.648,2.067,2.487,3.166,0.295,0.419,398.449,1.099,17.617,40.99,58.686,398.029,58.266,81.673,397.35,80.994,392.254,380.832,357.459,339.763,316.356,235.173,78.847,3.919
Spain,2013,1.127,1.407,1.806,2.178,2.766,0.279,0.399,386.606,0.96,16.302,40.071,57.566,386.234,57.194,80.745,385.646,80.157,381.126,370.304,346.535,329.04,305.489,228.834,78.125,3.928
Spain,2014,1.201,1.45,1.842,2.196,2.833,0.249,0.392,392.244,0.991,15.694,39.443,56.657,391.89,56.303,80.039,391.253,79.402,387.132,376.55,352.801,335.587,311.851,236.397,83.318,4.192
Spain,2015,1.104,1.305,1.688,2.064,2.614,0.201,0.383,419.084,0.926,14.984,39.824,57.348,418.708,56.972,81.197,418.158,80.647,414.101,404.1,379.26,361.736,337.511,260.293,94.453,4.663
Spain,2016,1.08,1.318,1.665,2.04,2.574,0.238,0.347,407.789,0.909,14.391,38.998,56.87,407.414,56.495,80.489,406.88,79.955,402.977,393.398,368.791,350.919,326.925,252.563,93.977,4.573
Spain,2017,1.044,1.256,1.624,2.009,2.585,0.213,0.368,421.734,0.961,14.239,38.906,56.945,421.349,56.56,80.777,420.773,80.201,416.889,407.495,382.828,364.789,340.572,266.415,101.893,4.881
Spain,2018,0.976,1.199,1.563,1.949,2.513,0.223,0.364,425.325,0.95,13.859,38.634,57.646,424.939,57.26,81.476,424.375,80.912,420.607,411.466,386.691,367.679,343.463,268.36,105.222,4.933
Spain,2019,0.932,1.154,1.495,1.868,2.406,0.222,0.341,416.917,0.911,13.254,37.774,56.954,416.544,56.581,80.271,416.006,79.733,412.454,403.663,379.143,359.963,336.273,260.617,105.579,4.95
Spain,2020,0.864,1.043,1.361,1.734,2.322,0.179,0.318,494.015,0.961,14.322,40.93,62.975,493.642,62.602,90.042,493.054,89.454,489.155,479.693,453.085,431.04,403.6,311.603,128.496,5.884
Spain,2021,0.86,1.067,1.398,1.781,2.363,0.208,0.331,455.785,0.965,12.974,39.212,62.468,455.402,62.085,89.563,454.82,88.981,451.583,442.811,416.573,393.317,365.839,278.613,119.54,5.91
Spain,2022,0.928,1.348,1.898,2.443,3.213,0.422,0.55,479.626,1.315,15.227,43.701,69.071,479.081,68.526,98.414,478.311,97.644,474.415,464.399,435.925,410.555,380.667,287.08,126.912,6.492
Spain,2023,0.805,0.982,1.281,1.64,2.157,0.177,0.299,446.183,0.876,12.036,37.572,59.389,445.824,59.03,85.151,445.307,84.634,442.426,434.147,408.611,386.794,360.673,278.043,126.612,6.59
France,1950,44.568,51.82,55.394,58.774,63.893,7.252,3.574,478.514,8.499,62.184,118.476,159.491,475.134,156.111,211.44,470.015,206.321,449.883,416.33,360.038,319.023,263.694,111.185,12.355,0.123
France,1951,41.852,49.753,53.12,56.196,61.116,7.901,3.367,513.478,7.996,62.434,122.408,165.219,510.402,162.143,220.176,505.482,215.256,485.463,451.044,391.07,348.259,290.226,124.184,14.214,0.145
France,1952,37.777,45.58,48.669,51.405,55.822,7.803,3.089,478.246,7.153,56.174,114.624,154.657,475.51,151.921,206.752,471.093,202.335,453.764,422.072,363.622,323.589,268.758,114.527,13.445,0.143
France,1953,34.149,40.648,43.717,46.28,50.444,6.499,3.069,515.991,6.727,56.073,118.576,160.17,513.428,157.607,215.422,509.264,211.258,492.141,459.918,397.415,355.821,298.006,130.554,15.76,0.163
France,1954,33.916,40.031,42.902,45.348,49.158,6.115,2.871,479.551,6.256,53.27,113.876,153.808,477.105,151.362,205.181,473.295,201.371,456.993,426.281,365.675,325.743,271.924,119.968,14.635,0.151
France,1955,31.768,37.786,40.63,42.956,46.812,6.019,2.844,488.773,6.182,51.839,113.55,153.437,486.447,151.111,204.86,482.591,201.004,466.34,436.934,375.223,335.336,281.587,128.047,15.699,0.158
France,1956,29.88,35.006,37.947,40.207,43.592,5.127,2.941,511.356,5.645,51.535,115.877,157.43,509.096,155.17,210.183,505.711,206.798,488.816,459.821,395.479,353.926,298.913,139.469,17.523,0.18
France,1957,28.125,33.553,36.808,39.241,42.732,5.428,3.255,498.314,5.924,50.163,113.586,155.868,495.881,153.435,207.535,492.39,204.044,474.759,448.151,384.728,342.446,288.346,134.336,17.058,0.179
France,1958,25.931,30.606,33.499,35.628,38.831,4.675,2.893,469.634,5.332,44.728,102.964,142.772,467.505,140.643,190.351,464.302,187.148,447.623,424.906,366.67,326.862,277.154,133.24,16.95,0.185
France,1959,24.745,29.332,32.661,34.868,38.064,4.587,3.329,478.434,5.403,44.86,104.259,146.2,476.227,143.993,193.98,473.031,190.784,455.749,433.574,374.175,332.234,282.247,136.814,17.706,0.211
France,1960,22.73,26.643,29.639,31.702,34.62,3.914,2.996,493.738,4.981,43.629,104.044,148.502,491.675,146.439,198.041,488.757,195.123,471.684,450.109,389.694,345.236,293.634,144.959,19.375,0.238
France,1961,21.946,25.716,28.786,31.143,34.088,3.771,3.07,474.117,5.302,43.452,101.181,145.584,471.76,143.227,193.017,468.815,190.072,451.74,430.665,372.936,328.533,278.743,137.822,18.553,0.245
France,1962,21.393,25.235,28.396,30.943,33.797,3.842,3.161,512.956,5.401,44.102,103.672,151.197,510.409,148.65,203.101,507.555,200.247,490.354,468.854,409.284,361.759,307.308,156.039,21.678,0.284
France,1963,21.949,25.518,28.607,31.283,34.369,3.569,3.089,528.536,5.762,44.036,104.698,154.668,525.86,151.992,209.626,522.774,206.54,506.004,484.5,423.838,373.868,316.234,160.389,23.311,0.308
France,1964,20.158,23.444,26.505,29.414,32.578,3.287,3.061,492.278,6.073,42.606,99.46,147.119,489.369,144.21,199.607,486.205,196.443,469.955,449.672,392.818,345.159,289.762,146.789,21.935,0.301
France,1965,18.6,21.685,24.726,27.895,31.152,3.083,3.041,518.004,6.426,44.487,101.834,150.914,514.835,147.745,207.482,511.578,204.225,495.046,473.517,416.17,367.09,307.353,158.257,24.832,0.34
France,1966,18.53,21.508,24.435,27.736,31.269,2.978,2.927,503.427,6.834,45.416,98.985,146.727,500.126,143.426,203.617,496.593,200.084,480.444,458.011,404.442,356.7,296.509,152.839,24.77,0.353
France,1967,17.116,20.038,23.089,26.599,30.561,2.922,3.051,519.092,7.472,47.349,99.041,146.735,515.582,143.225,205.713,511.62,201.751,496.089,471.743,420.051,372.357,309.869,161.194,27.245,0.4
France,1968,16.847,19.737,22.914,26.595,30.728,2.891,3.177,530.165,7.814,49.065,98.288,145.812,526.484,142.131,205.757,522.351,201.624,507.183,481.1,431.877,384.353,320.727,167.57,29.1,0.438
France,1969,16.451,19.312,22.644,26.456,31.029,2.86,3.332,549.938,8.385,51.98,100.561,150.136,546.126,146.324,214.38,541.553,209.807,525.942,497.958,449.377,399.802,331.746,168.989,29.281,0.45
France,1970,15.525,18.185,21.366,25.179,29.898,2.661,3.181,521.041,8.532,50.498,94.373,139.711,517.228,135.898,197.945,512.509,193.226,497.531,470.543,426.668,381.33,319.283,166.246,29.67,0.492
France,1971,15.194,17.849,21.153,25.18,30.317,2.657,3.304,533.341,9.164,51.782,96.115,140.714,529.314,136.687,198.974,524.177,193.837,509.272,481.559,437.226,392.627,330.34,173.2,31.707,0.539
France,1972,14.119,16.641,19.843,23.998,29.357,2.522,3.202,530.214,9.514,52.668,96.331,140.308,526.059,136.153,197.658,520.7,192.299,505.291,477.546,433.883,389.906,328.401,169.314,31.281,0.544
France,1973,13.128,15.713,18.87,23.136,28.349,2.586,3.157,540.265,9.479,51.588,93.997,136.816,535.999,132.55,192.903,530.786,187.69,516.104,488.677,446.268,403.449,343.096,179.093,33.904,0.632
France,1974,11.666,14.232,17.266,21.345,26.187,2.566,3.034,535.333,8.921,50.413,92.586,134.486,531.254,130.407,189.269,526.412,184.427,512.032,484.92,442.747,400.847,341.985,177.854,34.822,0.678
France,1975,10.11,12.381,15.274,19.191,23.969,2.272,2.893,545.411,8.695,50.352,93.84,133.934,541.494,130.017,189.523,536.716,184.745,522.371,495.059,451.571,411.477,351.971,183.361,36.394,0.73
France,1976,9.176,11.191,13.956,18.001,23.098,2.014,2.765,544.3,9.142,50.455,96.581,133.021,540.255,128.976,186.141,535.158,181.044,520.589,493.845,447.719,411.279,354.114,185.16,37.616,0.786
France,1977,8.792,10.749,13.53,17.518,22.488,1.958,2.781,523.354,8.958,49.118,96.382,127.823,519.366,123.835,177.754,514.396,172.784,499.858,474.236,426.972,395.531,341.612,178.94,36.448,0.789
France,1978,7.951,9.811,12.516,16.389,21.157,1.86,2.705,535.356,8.641,48.169,97.995,126.316,531.483,122.443,175.991,526.715,171.223,512.442,487.187,437.361,409.04,355.492,189.935,39.254,0.867
France,1979,7.857,9.479,12.089,16.072,21.04,1.621,2.61,530.639,8.951,47.907,100.283,125.027,526.656,121.044,172.86,521.688,167.892,506.958,482.732,430.356,405.612,353.796,191.397,40.057,0.898
France,1980,8.329,10.033,12.612,16.61,21.743,1.704,2.579,535.384,9.131,47.755,100.244,124.866,531.386,120.868,169.733,526.253,164.6,511.167,487.629,435.14,410.518,361.653,199.228,42.595,0.998
France,1981,7.951,9.657,12.131,15.868,20.758,1.707,2.474,543.889,8.627,46.261,97.862,126.061,540.152,122.324,167.415,535.262,162.525,519.914,497.628,446.027,417.828,372.737,210.331,44.559,1.075
France,1982,7.607,9.151,11.468,15.108,20.047,1.544,2.317,532.903,8.579,46.044,97.007,128.567,529.263,124.927,164.531,524.324,159.592,508.303,486.859,435.896,404.336,364.732,208.039,44.293,1.112
France,1983,6.782,8.455,10.731,14.125,19.119,1.674,2.276,550.287,8.388,45.906,96.735,131.773,546.893,128.379,163.846,541.899,158.852,525.145,504.381,453.552,418.514,383.047,223.775,48.171,1.24
France,1984,6.47,7.95,10.046,13.237,18.11,1.48,2.096,533.901,8.064,45.097,94.695,132.326,530.71,129.135,159.899,525.837,155.026,508.937,488.804,439.206,401.575,370.811,218.114,46.949,1.23
France,1985,6.489,7.875,9.859,12.892,17.452,1.386,1.984,544.262,7.593,44.187,93.36,131.847,541.229,128.814,159.97,536.669,155.41,519.655,500.075,450.902,412.415,381.259,230.105,50.026,1.359
France,1986,6.375,7.722,9.647,12.654,17.144,1.346,1.925,539.297,7.497,44.055,91.703,129.493,536.29,126.486,161.447,531.8,156.957,514.738,495.242,447.594,409.804,374.843,231.597,51.329,1.438
France,1987,6.09,7.334,9.163,11.855,16.063,1.243,1.829,519.894,6.9,43.133,88.492,124.644,517.202,121.952,160.983,512.994,156.775,496.121,476.761,431.402,395.25,356.219,225.254,51.337,1.468
France,1988,6.18,7.449,9.076,11.891,16.189,1.269,1.627,517.035,7.113,43.723,87.751,123.107,514.22,120.292,162.416,509.922,158.118,492.95,473.312,429.284,393.928,351.804,228.886,53.77,1.574
France,1989,5.865,7.093,8.769,11.52,15.908,1.227,1.676,521.994,7.139,44.754,87.467,122.79,519.243,120.039,165.673,514.855,161.285,497.481,477.24,434.527,399.204,353.57,237.352,57.975,1.758
France,1990,5.703,6.865,8.336,11.031,15.295,1.162,1.471,519.82,6.959,45.336,85.846,120.36,517.125,117.665,162.957,512.861,158.693,495.208,474.484,433.974,399.46,354.168,242.1,61.247,1.89
France,1991,5.604,6.79,8.334,10.869,15.175,1.186,1.544,517.862,6.841,47.013,85.493,119.918,515.327,117.383,162.393,511.021,158.087,492.891,470.849,432.369,397.944,352.934,242.817,62.76,1.899
France,1992,5.122,6.151,7.581,9.946,14.048,1.029,1.43,515.816,6.467,47.777,84.791,118.454,513.451,116.089,160.339,509.349,156.237,490.907,468.039,431.025,397.362,353.112,244.836,66.261,2.046
France,1993,4.637,5.648,7.065,9.378,13.452,1.012,1.417,527.003,6.387,48.732,85.022,118.635,524.69,116.322,160.47,520.616,156.396,502.236,478.271,441.981,408.368,364.22,257.088,71.625,2.229
France,1994,4.307,5.171,6.6,8.657,12.586,0.864,1.429,515.278,5.986,48.749,84.089,116.203,513.221,114.146,157.566,509.292,153.637,491.127,466.529,431.189,399.075,355.655,251.982,72.521,2.342
France,1995,3.679,4.563,5.89,7.915,11.588,0.884,1.327,527.287,5.698,48.93,83.305,114.897,525.262,112.872,157.006,521.589,153.333,503.749,478.357,443.982,412.39,368.256,260.546,78.146,2.59
France,1996,3.592,4.396,5.657,7.657,10.979,0.804,1.261,532.235,5.322,46.941,81.771,112.322,530.235,110.322,154.163,526.913,150.841,510.468,485.294,450.464,419.913,376.072,261.652,83.352,2.852
France,1997,3.504,4.311,5.501,7.536,10.608,0.807,1.19,527.044,5.107,44.188,79.194,108.116,525.009,106.081,148.877,521.937,145.805,507.377,482.856,447.85,418.928,376.132,255.467,85.83,3.059
France,1998,3.509,4.199,5.313,7.226,10.217,0.689,1.114,530.808,4.904,43.021,78.809,106.827,528.895,104.914,146.664,525.904,143.673,511.913,487.787,451.999,423.981,382.231,254.448,89.35,3.288
France,1999,3.35,4.08,5.16,7.156,10.101,0.729,1.08,534.876,4.941,42.35,79.037,105.854,532.88,103.858,144.867,529.935,141.922,516.667,492.526,455.839,429.022,388.013,254.393,94.179,3.56
France,2000,3.548,4.296,5.368,7.262,9.953,0.749,1.072,528.287,4.585,41.281,79.053,104.7,526.393,102.806,142.353,523.702,139.662,510.875,487.006,449.234,423.587,384.04,251.685,95.966,3.775
France,2001,3.516,4.312,5.334,7.308,10.036,0.796,1.022,528.193,4.702,41.297,80.736,105.512,526.219,103.538,141.274,523.491,138.546,510.747,486.896,447.457,422.681,384.945,255.257,98.527,4.09
France,2002,3.19,3.906,4.894,6.604,9.294,0.717,0.988,533.527,4.4,40.025,81.772,105.577,531.817,103.867,140.459,529.127,137.769,516.94,493.502,451.755,427.95,391.358,262.81,103.144,4.486
France,2003,3.13,3.874,4.817,6.368,8.855,0.744,0.943,550.336,4.038,38.681,82.367,106.32,548.785,104.769,140.287,546.298,137.8,534.555,511.655,467.969,444.016,408.498,278.843,111.869,4.991
France,2004,3.1,3.74,4.546,6.063,8.385,0.639,0.806,508.2,3.839,36.382,79.341,102.418,506.683,100.901,133.364,504.361,131.042,493.534,471.818,428.859,405.782,373.319,253.767,100.942,4.664
France,2005,2.851,3.455,4.244,5.752,8.046,0.603,0.789,526.691,3.802,35.673,80.296,103.754,525.183,102.246,134.436,522.889,132.142,512.347,491.018,446.395,422.937,390.747,270.725,106.255,5.204
France,2006,3.025,3.635,4.429,5.843,7.924,0.611,0.794,516.562,3.495,34.233,79.449,104.07,515.148,102.656,133.253,513.067,131.172,502.929,482.329,437.113,412.492,381.895,266.775,98.937,5.451
France,2007,2.889,3.483,4.227,5.535,7.607,0.594,0.744,521.736,3.38,33.015,77.754,104.488,520.428,103.18,132.735,518.356,130.663,508.574,488.721,443.982,417.248,387.693,275.598,95.616,5.9
France,2008,2.956,3.565,4.289,5.512,7.559,0.609,0.724,532.96,3.27,32.383,76.537,105.354,531.737,104.131,133.366,529.69,131.319,520.035,500.577,456.423,427.606,398.371,287.204,94.42,6.473
France,2009,2.995,3.577,4.34,5.608,7.625,0.581,0.763,539.598,3.285,32.124,76.619,106.89,538.33,105.622,134.876,536.313,132.859,526.635,507.474,462.979,432.708,403.454,295.833,93.455,6.917
France,2010,2.872,3.401,4.116,5.305,7.212,0.529,0.715,542.844,3.096,30.844,74.345,106.742,541.655,105.553,135.17,539.748,133.263,530.41,512,468.499,436.102,406.485,302.176,98.057,7.432
France,2011,2.662,3.174,3.878,5.002,6.912,0.512,0.704,537.42,3.034,29.791,72.332,105.245,536.296,104.121,134.416,534.386,132.506,525.427,507.629,465.088,432.175,401.88,302.656,104.515,7.711
France,2012,2.728,3.264,3.939,4.979,6.741,0.537,0.675,561.821,2.802,28.394,70.309,103.674,560.781,102.634,136.282,559.019,134.52,550.728,533.427,491.512,458.147,424.499,326.293,119.439,8.637
France,2013,2.8,3.333,4.049,4.972,6.597,0.532,0.716,561.911,2.548,27.501,68.168,101.148,560.988,100.225,136.438,559.363,134.813,551.308,534.41,493.743,460.763,424.55,328.978,125.717,8.969
France,2014,2.698,3.19,3.844,4.745,6.22,0.493,0.654,550.76,2.376,26.388,65.566,97.815,549.859,96.914,134.701,548.384,133.226,540.449,524.372,485.194,452.945,415.158,323.444,127.414,9.125
France,2015,2.755,3.258,3.956,5.001,6.506,0.503,0.698,586.374,2.55,26.554,66.129,98.47,585.329,97.425,138.367,583.824,136.862,575.977,559.82,520.245,487.904,446.962,352.226,145.865,9.691
France,2016,2.669,3.144,3.788,4.754,6.207,0.475,0.644,584.945,2.419,25.454,63.931,96.579,583.979,95.613,138.048,582.526,136.595,574.876,559.491,521.014,488.366,445.931,351.33,149.913,8.419
France,2017,2.755,3.205,3.813,4.73,6.242,0.45,0.608,599.374,2.429,24.739,62.722,95.245,598.457,94.328,137.214,596.945,135.702,589.523,574.635,536.652,504.129,461.243,363.903,161.564,7.934
France,2018,2.712,3.18,3.801,4.731,6.238,0.469,0.621,601.177,2.437,24.849,62.231,94.274,600.247,93.344,136.015,598.74,134.508,591.2,576.328,538.946,506.903,464.232,363.949,165.075,7.508
France,2019,2.643,3.13,3.742,4.729,6.164,0.486,0.612,605.146,2.422,24.325,60.657,92.175,604.159,91.188,133.42,602.724,131.985,595.106,580.821,544.489,512.971,470.739,367.428,170.95,7.819
France,2020,2.426,2.809,3.406,4.315,5.773,0.383,0.597,661.152,2.367,24.166,61.076,93.849,660.243,92.94,137.241,658.785,135.783,651.466,636.986,600.076,567.303,523.002,405.519,191.969,9.721
France,2021,2.571,2.987,3.585,4.47,6,0.416,0.598,650.583,2.415,24.118,60.953,93.868,649.698,92.983,138.223,648.168,136.693,640.679,626.465,589.63,556.715,511.475,388.749,186.255,11.219
France,2022,2.511,3.078,3.737,4.752,6.52,0.567,0.659,655.06,2.783,24.844,59.765,90.044,654.045,89.029,131.124,652.277,129.356,644.221,630.216,595.295,565.016,522.921,393.266,196.415,13.329
France,2023,2.263,2.691,3.223,4.108,5.453,0.428,0.532,612.872,2.23,21.781,56.707,87.407,611.987,86.522,126.18,610.642,124.835,603.804,591.091,556.165,525.465,485.807,370.019,185.489,13.207
Germany,1950,69.42,78.392,85.588,90.461,97.893,8.973,7.196,631.284,12.305,78.631,161.166,226.663,626.411,221.79,308.379,618.979,300.947,594.986,552.653,470.118,404.621,318.032,112.806,15.365,0.282
Germany,1951,63.729,72.684,79.228,84.075,91.357,8.956,6.544,644.363,12.129,77.517,161.837,227.606,639.516,222.759,310.207,632.234,302.925,609.052,566.846,482.526,416.757,329.309,114.612,13.455,0.221
Germany,1952,58.18,66.874,72.975,77.914,84.99,8.693,6.101,658.913,12.015,76.36,162.698,228.685,653.974,223.746,312.103,646.898,305.027,624.451,582.553,496.215,430.228,341.871,119.004,12.471,0.208
Germany,1953,53.816,62.063,67.839,72.967,79.768,8.246,5.776,674.02,11.929,75.363,163.764,229.88,668.892,224.752,314.071,662.091,307.27,640.262,598.657,510.256,444.14,354.821,126.13,11.975,0.161
Germany,1954,50.712,58.466,63.946,69.232,75.879,7.753,5.48,689.392,11.933,74.474,164.874,231.237,684.106,225.951,316.188,677.459,309.541,656.104,614.918,524.518,458.155,367.918,134.492,11.807,0.113
Germany,1955,47.99,55.286,60.501,65.84,72.529,7.297,5.215,704.761,12.028,73.516,165.942,232.816,699.422,227.477,318.2,692.733,311.511,671.546,631.245,538.819,471.945,381.222,143.736,11.892,0.078
Germany,1956,46.209,53.127,58.073,63.43,70.253,6.919,4.946,723.141,12.18,72.537,166.631,234.442,717.784,229.085,320.293,710.961,313.47,689.476,650.604,556.51,488.699,397.491,154.063,12.233,0.069
Germany,1957,45.15,51.967,57.226,63.124,70.646,6.816,5.259,753.604,13.42,73.354,172.271,245.071,747.706,239.173,335.273,740.184,327.751,717.473,680.25,581.333,508.533,412.433,161.272,12.907,0.069
Germany,1958,44.324,50.723,55.295,60.641,67.457,6.399,4.572,748.434,12.162,67.957,165.097,237.986,743.088,232.64,325.281,736.272,318.465,714.091,680.477,583.337,510.448,417.807,166.236,13.607,0.073
Germany,1959,44.838,51.479,56.227,61.469,69.05,6.642,4.748,766.624,12.823,67.695,165.625,241.014,761.382,235.772,330.693,753.801,323.112,730.861,698.929,600.999,525.61,430.689,176.054,14.842,0.082
Germany,1960,44.292,50.561,55.061,59.8,67.214,6.268,4.5,810.335,12.153,66.946,166.33,247.569,805.596,242.83,342.833,798.182,335.419,775.023,743.389,644.005,562.766,462.763,194.587,17.567,0.102
Germany,1961,43.052,49.417,54.172,58.583,66.414,6.365,4.755,786.372,12.242,65.42,162.073,243.369,781.961,238.958,337.315,774.13,329.484,751.563,720.952,624.299,543.003,444.646,189.298,16.631,0.102
Germany,1962,39.242,45.243,49.974,53.943,61.302,6,4.731,820.733,11.328,63.535,160.43,245.471,816.764,241.502,344.02,809.405,336.661,786.775,757.198,660.303,575.262,472.744,205.144,18.984,0.122
Germany,1963,37.986,44.181,48.82,52.731,59.658,6.195,4.639,839.837,10.838,62.275,158.404,247.053,835.926,243.142,350.17,828.999,343.243,806.505,777.562,681.433,592.784,485.756,211.909,20.532,0.136
Germany,1964,35.043,40.588,45.442,49.172,56.079,5.546,4.854,819.999,10.637,61.471,154.748,243.446,816.269,239.716,347.029,809.362,340.122,786.09,758.528,665.251,576.553,469.24,203.2,20.469,0.141
Germany,1965,31.347,37.045,41.893,45.618,51.448,5.698,4.848,860.155,9.555,60.334,152.775,243.855,856.43,240.13,355.048,850.6,349.218,827.107,799.821,707.38,616.3,501.382,221.981,24.258,0.171
Germany,1966,30.652,36.235,41.278,45.506,51.013,5.584,5.043,866.279,9.735,62.644,150.655,241.198,862.051,236.97,354.747,856.544,349.24,832.171,803.635,715.624,625.081,507.304,226.086,25.547,0.191
Germany,1967,28.159,33.457,38.637,43.085,48.311,5.298,5.18,872.362,9.674,64.324,147.374,236.179,867.914,231.731,353.3,862.688,348.074,838.44,808.038,724.988,636.183,514.614,230.397,27.164,0.209
Germany,1968,26.153,31.299,36.636,41.236,46.212,5.146,5.337,936.452,9.576,66.057,146.492,238.454,931.852,233.854,364.045,926.876,359.069,903.298,870.395,789.96,697.998,567.807,258.194,31.855,0.248
Germany,1969,24.983,30.104,35.573,40.622,45.604,5.121,5.469,949.518,10.031,70.292,147.747,241.375,944.469,236.326,372.815,939.487,367.833,915.07,879.226,801.771,708.143,571.654,253.595,31.84,0.25
Germany,1970,22.972,27.618,33.063,38.29,43.844,4.644,5.445,942.698,10.781,71.742,145.442,234.95,937.471,229.723,363.541,931.917,357.987,907.042,870.956,797.256,707.748,573.93,254.796,32.503,0.267
Germany,1971,21.791,26.106,31.551,36.903,42.92,4.315,5.445,933.007,11.369,70.898,141.368,226.233,927.655,220.881,349.991,921.638,343.974,897.271,862.109,791.639,706.774,577.664,260.407,33.765,0.28
Germany,1972,18.167,21.888,27.265,32.816,39.072,3.721,5.377,937.241,11.807,71.119,139.826,222.197,931.69,216.646,344.741,925.434,338.485,900.992,866.122,797.415,715.044,586.949,261.857,34.807,0.309
Germany,1973,16.718,20.041,25.162,30.318,36.264,3.322,5.121,937.467,11.102,70.022,135.23,214.983,932.311,209.827,335.094,926.365,329.148,902.44,867.445,802.237,722.484,597.217,267.3,35.981,0.344
Germany,1974,15.898,18.789,23.351,28.346,34.017,2.891,4.562,933.569,10.666,69.146,131.558,207.612,928.574,202.617,326.259,922.903,320.588,899.427,864.423,802.011,725.957,602.315,269.788,36.658,0.376
Germany,1975,14.567,17.356,21.96,27.656,33.636,2.789,4.604,968.795,11.676,71.894,134.807,209.062,963.099,203.366,327.399,957.119,321.419,933.559,896.901,833.988,759.733,635.7,285.034,39.222,0.422
Germany,1976,13.254,15.612,19.931,25.632,31.622,2.359,4.319,948.269,11.691,71.689,135.467,202.058,942.568,196.357,314.749,936.578,308.759,913.415,876.58,812.802,746.211,627.819,283.467,40.142,0.458
Germany,1977,11.879,14.035,18.057,23.829,29.949,2.156,4.022,913.848,11.892,70.487,136.082,193.637,908.076,187.865,298.203,901.956,292.083,879.548,843.361,777.766,720.211,609.873,275.816,39.373,0.481
Germany,1978,11.346,13.455,17.241,23.001,29.172,2.109,3.786,939.084,11.931,71.723,141.996,192.989,933.324,187.229,296.202,927.153,290.031,904.878,867.361,797.088,746.095,637.122,292.061,42.569,0.544
Germany,1979,10.886,12.912,16.305,21.872,27.998,2.027,3.393,928.716,11.693,69.597,143.746,187.687,923.149,182.12,287.056,917.023,280.93,896.077,859.119,784.97,741.029,636.093,295.267,43.095,0.571
Germany,1980,10.896,12.904,15.999,21.398,27.306,2.008,3.095,937.175,11.307,68.415,142.949,186.248,931.776,180.849,281.064,925.868,275.156,905.912,868.76,794.226,750.927,650.712,307.262,45.196,0.626
Germany,1981,10.093,12.015,14.831,20.291,26.078,1.922,2.816,940.777,11.247,68.241,141.453,188.583,935.317,183.123,274.165,929.53,268.378,910.114,872.536,799.324,752.194,661.152,319.986,48.286,0.693
Germany,1982,9.5,11.408,13.908,19.089,24.955,1.908,2.5,931.211,11.047,67.333,139.444,191.712,926.03,186.531,267.094,920.164,261.228,901.203,863.878,791.767,739.499,658.936,325.689,48.705,0.715
Germany,1983,8.428,10.238,12.534,17.451,23.289,1.81,2.296,929.668,10.755,65.565,137.252,194.88,924.751,189.963,259.172,918.913,253.334,900.704,864.103,792.416,734.788,665.579,336.66,51.485,0.777
Germany,1984,7.893,9.537,11.516,15.774,21.263,1.643,1.979,907.329,9.747,62.935,133.773,194.631,903.071,190.373,249.529,897.582,244.04,880.144,844.394,773.556,712.698,653.542,337.18,51.756,0.795
Germany,1985,7.39,9.021,10.913,14.646,19.818,1.632,1.892,920.752,8.905,61.165,133.291,192.8,917.019,189.067,247.49,911.847,242.318,894.613,859.587,787.461,727.952,669.529,356.744,56.446,0.895
Germany,1986,7.529,9.07,10.865,14.333,19.358,1.541,1.795,916.627,8.493,59.675,131.971,189.571,913.159,186.103,249.681,908.134,244.656,890.58,856.952,784.656,727.056,663.478,364.721,59.11,0.97
Germany,1987,7.338,8.732,10.358,13.535,18.412,1.394,1.626,891.658,8.054,58.035,130.64,186.548,888.481,183.371,253.019,883.604,248.142,865.767,833.623,761.018,705.11,635.462,361.996,60.123,1.024
Germany,1988,6.846,8.349,10.072,12.871,17.728,1.503,1.723,891.92,7.656,57.961,131.316,187.861,889.121,185.062,262.442,884.264,257.585,865.875,833.959,760.604,704.059,626.679,370.328,63.218,1.107
Germany,1989,6.522,7.867,9.418,12.037,16.63,1.345,1.551,895.423,7.212,56.701,130.343,188.489,892.804,185.87,268.281,888.211,263.688,869.343,838.722,765.08,706.934,624.523,384.664,69.048,1.261
Germany,1990,6.403,7.899,9.682,12.255,17.113,1.495,1.783,913.654,7.431,58.351,134.201,195.188,911.081,192.615,274.738,906.223,269.88,885.577,855.303,779.453,718.466,636.343,400.456,75.075,1.404
Germany,1991,5.485,6.942,8.544,11.082,15.785,1.457,1.602,904.46,7.241,58.808,135.328,197.3,901.922,194.762,273.971,897.219,269.268,875.424,845.652,769.132,707.16,627.951,400.169,76.698,1.46
Germany,1992,4.954,6.213,7.723,10.002,14.381,1.26,1.51,880.278,6.658,56.929,133.066,193.527,877.999,191.248,267.277,873.62,262.898,852.142,823.349,747.212,686.751,610.722,394.395,79.633,1.549
Germany,1993,4.651,5.855,7.395,9.673,13.662,1.204,1.54,892.843,6.267,56.426,133.498,193.047,890.565,190.769,268.476,886.576,264.487,865.342,836.417,759.345,699.796,622.089,409.247,86.224,1.72
Germany,1994,4.299,5.461,6.913,9.267,12.913,1.163,1.452,881.109,6,55.704,132.122,189.532,878.755,187.178,266.236,875.109,262.59,854.005,825.405,748.987,691.577,612.519,410.541,89.035,1.824
Germany,1995,4.104,5.134,6.553,8.94,12.377,1.03,1.419,881.659,5.824,55.288,129.356,186.556,879.272,184.169,265.241,875.835,261.804,855.231,826.371,752.303,695.103,614.031,413.408,94.035,1.982
Germany,1996,4.077,4.957,6.245,8.562,11.785,0.879,1.288,881.408,5.54,55.02,126.073,183.632,879.091,181.315,262.517,875.868,259.294,855.889,826.388,755.335,697.776,616.574,410.413,99.623,2.155
Germany,1997,3.971,4.891,6.125,8.501,11.42,0.92,1.234,858.583,5.295,53.629,120.844,178.217,856.207,175.841,254.198,853.288,251.279,834.544,804.954,737.739,680.366,602.009,390.296,102.054,2.279
Germany,1998,3.716,4.578,5.766,8.006,10.863,0.862,1.188,850.256,5.097,51.149,114.512,172.733,848.016,170.493,245.249,845.159,242.392,828.202,799.107,735.744,677.523,602.767,380.24,107.618,2.447
Germany,1999,3.457,4.26,5.479,7.742,10.58,0.803,1.219,844.034,5.101,50.263,110.665,169.739,841.771,167.476,239.603,838.933,236.765,822.608,793.771,733.369,674.295,602.168,372.262,113.357,2.664
Germany,2000,3.341,4.112,5.199,7.297,10.156,0.772,1.087,836.895,4.957,49.638,107.628,167.099,834.797,165.001,236.344,831.938,233.485,816.291,787.257,729.267,669.796,598.453,372.157,116.748,2.786
Germany,2001,3.112,3.919,5.013,6.997,9.695,0.808,1.094,826.79,4.682,47.743,103.098,161.876,824.806,159.892,230.326,822.108,227.628,807.599,779.047,723.692,664.914,594.48,374.29,121.405,3.103
Germany,2002,3.014,3.745,4.722,6.699,9.383,0.73,0.977,840.358,4.661,47.332,101.897,159.587,838.381,157.61,230.28,835.697,227.596,822.039,793.026,738.461,680.771,608.101,389.115,129.558,3.461
Germany,2003,2.983,3.67,4.738,6.58,9.142,0.687,1.068,853.431,4.404,46.555,100.879,156.409,851.589,154.567,230.442,849.027,227.88,835.745,806.876,752.552,697.022,621.147,401.257,137.564,3.762
Germany,2004,2.946,3.58,4.426,6.157,8.564,0.634,0.846,818.858,4.138,44.241,96.789,148.501,817.127,146.77,222.458,814.72,220.051,802.692,774.617,722.069,670.357,594.669,383.597,134.44,3.935
Germany,2005,2.685,3.301,4.245,5.784,7.98,0.616,0.944,830.284,3.735,42.72,96.55,144.325,828.745,142.786,219.027,826.549,216.831,815.354,787.564,733.734,685.959,609.718,396.87,138.588,4.197
Germany,2006,2.629,3.171,3.964,5.482,7.574,0.542,0.793,821.878,3.61,41.055,95.658,138.124,820.36,136.606,211.242,818.268,209.15,807.917,780.823,726.22,683.754,609.118,398.021,131.032,4.48
Germany,2007,2.657,3.206,3.953,5.37,7.41,0.549,0.747,828.333,3.457,39.754,95.431,135.728,826.916,134.311,208.547,824.876,206.507,815.038,788.579,732.902,692.605,618.369,406.719,124.971,4.915
Germany,2008,2.371,2.907,3.643,4.969,6.891,0.537,0.736,846.423,3.248,38.685,94.988,135.219,845.097,133.893,205.591,843.175,203.669,833.805,807.738,751.435,711.204,639.506,425.201,121.498,5.452
Germany,2009,2.303,2.832,3.565,4.812,6.706,0.531,0.733,857.143,3.141,37.779,94.93,134.202,855.896,132.955,202.043,854.002,200.149,844.919,819.364,762.213,722.941,653.853,438.302,117.353,5.83
Germany,2010,2.366,2.861,3.543,4.692,6.598,0.494,0.682,858.33,3.055,36.305,93.275,133.856,857.181,132.707,195.793,855.275,193.887,846.445,822.025,765.055,724.474,661.388,443.716,123.818,6.137
Germany,2011,2.411,2.898,3.605,4.653,6.631,0.487,0.707,851.641,3.026,34.488,91.505,134.373,850.593,133.325,190.176,848.615,188.198,840.374,817.153,760.136,717.268,660.417,444.133,130.556,6.333
Germany,2012,2.245,2.68,3.3,4.328,6.075,0.435,0.62,869.107,2.775,32.719,89.218,133.578,868.079,132.55,186.112,866.332,184.365,858.537,836.388,779.889,735.529,681.967,462.046,143.133,6.777
Germany,2013,2.246,2.681,3.298,4.282,5.813,0.436,0.617,896.524,2.515,31.961,90.332,136.499,895.54,135.515,190.258,894.009,188.727,885.994,864.563,806.192,760.025,705.282,477.273,152.862,7.195
Germany,2014,2.305,2.71,3.273,4.2,5.696,0.405,0.563,873.051,2.423,30.184,87.615,133.578,872.124,132.651,184.988,870.628,183.492,862.797,842.867,785.436,739.473,687.136,464.684,154.048,7.382
Germany,2015,2.401,2.858,3.426,4.391,5.89,0.456,0.568,928.194,2.464,30.363,89.628,137.494,927.229,136.529,193.589,925.73,192.09,917.342,897.831,838.566,790.7,733.64,505.159,169.73,7.311
Germany,2016,2.753,3.212,3.859,4.834,6.271,0.458,0.647,912.9,2.412,29.488,88.706,136.289,911.925,135.314,196.094,910.488,194.657,902.142,883.412,824.194,776.611,715.831,497.505,167.549,6.291
Germany,2017,2.54,2.982,3.551,4.455,5.862,0.443,0.569,934.953,2.311,27.784,85.911,133.77,934.049,132.866,195.95,932.642,194.543,924.342,907.169,849.042,801.183,738.099,522.566,180.321,5.739
Germany,2018,2.502,2.995,3.605,4.547,5.966,0.492,0.61,957.879,2.361,27.391,86.65,136.458,956.937,135.516,201.287,955.518,199.868,947.203,930.488,871.229,821.421,755.65,541.841,188.452,5.363
Germany,2019,2.489,2.955,3.562,4.437,5.782,0.467,0.607,943.079,2.22,26.23,83.395,132.57,942.204,131.695,197.396,940.859,196.051,932.561,916.849,859.684,810.509,744.808,540.707,188.096,5.501
Germany,2020,2.376,2.783,3.309,4.114,5.507,0.407,0.526,987.539,2.198,26.18,83.717,134.878,986.734,134.073,201.804,985.341,200.411,976.984,961.359,903.822,852.661,784.93,581.699,199.298,6.486
Germany,2021,2.401,2.827,3.406,4.294,5.652,0.425,0.579,953.585,2.246,26.952,86.58,141.618,952.697,140.73,212.984,951.339,211.626,942.833,926.633,867.005,811.967,739.713,533.193,161.568,5.968
Germany,2022,2.31,2.938,3.675,4.494,5.753,0.628,0.737,1079.085,2.078,26.845,86.8,144.81,1078.266,143.991,216.493,1077.007,215.234,1068.071,1052.24,992.285,934.275,861.773,662.232,226.575,10.244
Germany,2023,2.144,2.563,3.143,3.858,4.944,0.418,0.58,1030.996,1.801,24.044,78.932,134.575,1030.281,133.86,202.944,1029.195,201.858,1021.312,1006.952,952.064,896.421,827.337,638.674,217.585,9.776
Netherlands,1950,5.733,7.68,8.634,9.192,9.974,1.947,0.954,67.199,1.34,7.902,15.347,21.216,66.641,20.658,28.785,65.859,28.003,63.06,59.297,51.852,45.983,37.856,16.211,1.798,0.021
Netherlands,1951,5.8,7.702,8.776,9.262,9.999,1.902,1.074,68.704,1.223,7.956,15.551,21.405,68.218,20.919,29.091,67.481,28.354,64.64,60.748,53.153,47.299,39.127,16.975,1.929,0.021
Netherlands,1952,5.379,7.023,8.058,8.504,9.134,1.645,1.035,68.293,1.076,7.465,15.182,21.057,67.847,20.611,28.747,67.217,28.117,64.562,60.828,53.111,47.236,39.1,16.985,1.992,0.022
Netherlands,1953,5.112,6.839,8.202,8.778,9.471,1.727,1.363,72.642,1.269,8.019,16.115,22.26,72.066,21.684,30.087,71.373,29.394,68.596,64.623,56.527,50.382,41.979,18.33,2.219,0.025
Netherlands,1954,4.936,6.348,7.328,7.748,8.284,1.412,0.98,72.246,0.956,7.167,15.386,21.673,71.826,21.253,29.775,71.29,29.239,68.807,65.079,56.86,50.573,42.051,18.831,2.227,0.024
Netherlands,1955,4.776,6.069,7.104,7.55,8.123,1.293,1.035,74.508,1.019,7.177,15.243,21.624,74.062,21.178,29.742,73.489,29.169,71.121,67.331,59.265,52.884,44.32,20.133,2.574,0.029
Netherlands,1956,4.476,5.738,6.734,7.172,7.743,1.262,0.996,78.041,1.009,7.053,15.208,22.004,77.603,21.566,30.338,77.032,29.767,74.687,70.988,62.833,56.037,47.265,21.914,2.85,0.03
Netherlands,1957,4.165,5.445,6.507,7.004,7.6,1.279,1.062,76.39,1.093,7.156,15.241,21.885,75.893,21.388,30.161,75.297,29.565,72.953,69.234,61.149,54.505,45.732,21.085,2.816,0.03
Netherlands,1958,4.213,5.489,6.425,6.921,7.486,1.275,0.936,77.908,1.061,6.933,15.169,21.943,77.412,21.447,30.223,76.847,29.658,74.581,70.975,62.739,55.965,47.189,22.216,2.911,0.031
Netherlands,1959,4.185,5.568,6.675,7.197,7.743,1.383,1.107,79.234,1.068,7.082,15.53,22.453,78.712,21.931,30.869,78.166,30.323,75.761,72.152,63.704,56.781,47.843,22.725,3.07,0.034
Netherlands,1960,4.045,5.252,6.192,6.658,7.246,1.207,0.94,81.498,1.054,6.911,15.699,22.67,81.032,22.204,31.479,80.444,30.891,78.19,74.587,65.799,58.828,49.553,23.939,3.259,0.038
Netherlands,1961,4.117,5.18,6.141,6.658,7.237,1.063,0.961,82.108,1.096,7.034,15.847,22.973,81.591,22.456,32.075,81.012,31.496,78.772,75.074,66.261,59.135,49.516,23.863,3.25,0.04
Netherlands,1962,4.029,5.17,6.122,6.689,7.285,1.142,0.952,87.671,1.163,7.282,16.407,24.05,87.104,23.483,33.665,86.508,33.069,84.107,80.389,71.264,63.621,53.439,26.429,3.712,0.047
Netherlands,1963,3.814,4.865,5.834,6.413,6.993,1.051,0.969,89.784,1.159,7.293,16.471,24.145,89.205,23.566,34.179,88.625,33.599,86.338,82.491,73.313,65.639,55.026,26.96,3.81,0.049
Netherlands,1964,3.601,4.657,5.665,6.343,6.97,1.055,1.008,87.681,1.305,7.494,16.76,24.702,87.003,24.024,34.584,86.376,33.957,84.079,80.187,70.921,62.979,52.419,25.117,3.616,0.048
Netherlands,1965,3.414,4.399,5.32,6.012,6.703,0.985,0.921,92.602,1.383,7.595,17.203,25.36,91.91,24.668,35.523,91.219,34.832,88.946,85.007,75.399,67.242,56.387,27.514,4.133,0.057
Netherlands,1966,3.389,4.413,5.382,6.157,6.858,1.025,0.969,95.042,1.476,7.78,17.543,25.859,94.267,25.084,35.964,93.566,35.263,91.261,87.262,77.499,69.183,58.303,28.818,4.488,0.062
Netherlands,1967,3.097,4.068,5.059,5.823,6.595,0.971,0.991,94.711,1.536,8.033,17.623,26.128,93.947,25.364,36.433,93.175,35.661,90.782,86.678,77.088,68.583,57.514,28.079,4.472,0.062
Netherlands,1968,3.108,4.051,5.02,5.785,6.597,0.944,0.969,99.933,1.577,8.207,17.885,26.43,99.168,25.665,37.1,98.356,36.288,95.946,91.726,82.048,73.503,62.068,31.295,5.134,0.074
Netherlands,1969,3.213,4.165,5.104,5.847,6.699,0.951,0.939,102.532,1.595,8.36,18.197,27.227,101.789,26.484,38.441,100.937,37.589,98.528,94.172,84.335,75.305,63.348,31.601,5.315,0.081
Netherlands,1970,2.884,3.769,4.739,5.555,6.495,0.887,0.97,104.792,1.756,8.482,18.62,27.782,103.976,26.966,39.231,103.036,38.291,100.625,96.31,86.172,77.01,64.745,32.458,5.43,0.085
Netherlands,1971,2.617,3.493,4.409,5.216,6.065,0.876,0.916,105.674,1.656,8.339,18.381,27.231,104.867,26.424,38.682,104.018,37.833,101.613,97.335,87.293,78.443,66.185,33.527,5.718,0.091
Netherlands,1972,2.376,3.192,4.129,4.969,5.826,0.816,0.937,109.314,1.697,8.626,18.811,27.82,108.474,26.98,39.444,107.617,38.587,105.067,100.688,90.503,81.494,69.03,34.999,6.061,0.099
Netherlands,1973,2.112,2.869,3.743,4.552,5.456,0.758,0.874,106.842,1.713,8.64,18.523,27.197,106.033,26.388,38.688,105.129,37.784,102.52,98.202,88.319,79.645,67.345,34.504,6.241,0.109
Netherlands,1974,2.014,2.718,3.526,4.365,5.139,0.705,0.808,105.687,1.613,8.164,17.916,26.422,104.848,25.583,37.952,104.074,37.178,101.685,97.523,87.771,79.265,66.896,34.291,6.308,0.119
Netherlands,1975,1.782,2.416,3.188,3.87,4.59,0.633,0.772,110.421,1.402,7.984,17.966,26.822,109.739,26.14,38.741,109.019,38.021,106.563,102.437,92.455,83.599,70.998,36.826,6.791,0.129
Netherlands,1976,1.833,2.372,3.139,3.849,4.638,0.539,0.767,111.32,1.499,8.171,18,26.832,110.61,26.122,38.761,109.821,37.972,107.287,103.149,93.32,84.488,71.849,37.313,7.103,0.143
Netherlands,1977,1.577,2.06,2.798,3.551,4.357,0.483,0.738,107.284,1.559,8.29,18.055,26.533,106.531,25.78,37.96,105.725,37.154,103.102,98.994,89.229,80.751,68.571,35.275,6.776,0.14
Netherlands,1978,1.607,2.132,2.865,3.619,4.426,0.525,0.733,111.53,1.561,8.27,18.061,26.467,110.776,25.713,37.902,109.969,37.095,107.384,103.26,93.469,85.063,72.874,38.264,7.622,0.167
Netherlands,1979,1.47,1.916,2.548,3.236,3.95,0.447,0.632,110.101,1.402,7.93,17.75,25.989,109.413,25.301,37.179,108.699,36.465,106.124,102.171,92.351,84.112,72.234,37.935,7.744,0.174
Netherlands,1980,1.57,1.937,2.51,3.162,3.982,0.368,0.573,111.77,1.472,7.986,17.698,25.874,111.118,25.222,37.085,110.298,36.265,107.658,103.784,94.072,85.896,74.033,39.242,7.943,0.186
Netherlands,1981,1.455,1.856,2.392,2.994,3.725,0.4,0.536,113.135,1.333,7.67,17.346,25.55,112.533,24.948,36.903,111.802,36.172,109.155,105.465,95.789,87.585,75.63,40.795,8.522,0.207
Netherlands,1982,1.406,1.781,2.307,2.933,3.627,0.376,0.526,115.041,1.32,7.845,17.449,25.957,114.415,25.331,37.193,113.721,36.499,111.029,107.196,97.592,89.084,77.222,42.341,9.096,0.232
Netherlands,1983,1.43,1.772,2.267,2.832,3.575,0.343,0.495,115.622,1.308,7.718,17.254,25.674,115.057,25.109,36.674,114.314,35.931,111.63,107.904,98.368,89.948,78.383,43.454,9.587,0.257
Netherlands,1984,1.462,1.783,2.231,2.757,3.439,0.321,0.448,117.658,1.208,7.699,17.109,25.821,117.132,25.295,36.785,116.45,36.103,113.661,109.959,100.549,91.837,80.347,44.824,10.031,0.273
Netherlands,1985,1.452,1.745,2.096,2.629,3.339,0.293,0.351,120.672,1.243,7.679,17.189,26.053,120.139,25.52,37.102,119.429,36.392,116.681,112.993,103.483,94.619,83.037,47.051,10.68,0.291
Netherlands,1986,1.45,1.772,2.146,2.63,3.342,0.322,0.374,123.292,1.196,8.019,17.581,26.355,122.808,25.871,37.812,122.096,37.1,119.247,115.273,105.711,96.937,84.996,48.915,11.387,0.325
Netherlands,1987,1.43,1.745,2.096,2.603,3.304,0.315,0.351,120.193,1.208,7.902,17.162,25.617,119.686,25.11,36.996,118.985,36.295,116.328,112.291,103.031,94.576,82.69,47.756,11.428,0.343
Netherlands,1988,1.289,1.579,1.915,2.377,3.035,0.29,0.336,122.283,1.12,7.894,16.729,25.099,121.821,24.637,36.783,121.163,36.125,118.434,114.389,105.554,97.184,85.038,50.027,12.101,0.375
Netherlands,1989,1.316,1.605,1.942,2.413,3.131,0.289,0.337,127.019,1.189,8.111,17.354,25.824,126.548,25.353,37.614,125.83,36.896,123.111,118.908,109.665,101.195,88.934,53.158,13.305,0.419
Netherlands,1990,1.437,1.751,2.113,2.544,3.167,0.314,0.362,126.799,1.054,8.19,17.04,25.099,126.368,24.668,37.148,125.745,36.525,122.921,118.609,109.759,101.7,89.22,53.735,13.285,0.42
Netherlands,1991,1.306,1.615,1.927,2.353,2.981,0.31,0.312,127.993,1.054,8.352,17.058,25.403,127.567,24.977,37.189,126.939,36.561,124.022,119.641,110.935,102.59,90.378,54.464,13.683,0.444
Netherlands,1992,1.246,1.523,1.856,2.234,2.842,0.277,0.333,128.079,0.986,8.579,17.136,25.367,127.701,24.989,36.908,127.093,36.3,124.135,119.5,110.943,102.712,90.793,54.938,14.127,0.469
Netherlands,1993,1.248,1.512,1.847,2.229,2.841,0.264,0.335,136.038,0.994,8.824,17.698,26.101,135.656,25.719,37.951,135.044,37.339,131.994,127.214,118.34,109.937,97.705,60.28,15.949,0.529
Netherlands,1994,1.115,1.368,1.662,2.006,2.595,0.253,0.294,131.88,0.933,8.726,17.448,25.681,131.536,25.337,37.054,130.947,36.465,128.008,123.154,114.432,106.199,94.482,58.063,15.307,0.508
Netherlands,1995,1.045,1.312,1.628,1.99,2.546,0.268,0.316,134.045,0.918,8.763,17.484,25.527,133.683,25.165,37.145,133.127,36.589,130.182,125.282,116.561,108.518,96.538,59.676,15.72,0.514
Netherlands,1996,1.102,1.354,1.636,1.987,2.503,0.251,0.282,136.204,0.867,8.774,17.784,25.677,135.853,25.326,37.306,135.337,36.79,132.438,127.43,118.42,110.527,98.547,60.808,16.278,0.534
Netherlands,1997,0.976,1.202,1.481,1.801,2.284,0.227,0.279,134.501,0.803,8.367,17.622,25.236,134.181,24.916,36.556,133.698,36.073,130.861,126.134,116.879,109.265,97.625,60.682,16.541,0.549
Netherlands,1998,1.063,1.274,1.533,1.867,2.322,0.212,0.259,135.978,0.789,8.141,17.671,25.332,135.644,24.998,36.756,135.189,36.301,132.572,127.837,118.307,110.646,98.888,61.628,17.085,0.552
Netherlands,1999,1.055,1.278,1.568,1.904,2.361,0.222,0.29,139.04,0.793,8.396,18.273,25.893,138.704,25.557,37.112,138.247,36.655,135.474,130.644,120.767,113.147,101.592,63.335,18.146,0.591
Netherlands,2000,1.073,1.297,1.563,1.93,2.407,0.225,0.266,139.046,0.844,8.338,18.485,25.957,138.679,25.59,36.803,138.202,36.326,135.642,130.708,120.561,113.089,101.876,63.785,18.003,0.579
Netherlands,2001,1.083,1.297,1.581,1.907,2.335,0.214,0.284,138.801,0.754,8.123,18.496,25.834,138.475,25.508,36.408,138.047,35.98,135.461,130.678,120.305,112.967,102.067,64.312,18.367,0.608
Netherlands,2002,1.017,1.24,1.499,1.855,2.283,0.222,0.259,141.064,0.784,8.119,18.611,26.23,140.708,25.874,36.581,140.28,36.153,137.731,132.945,122.453,114.834,104.127,66.429,19.126,0.641
Netherlands,2003,0.955,1.155,1.459,1.772,2.16,0.2,0.304,140.435,0.701,7.955,18.757,26.228,140.122,25.915,36.312,139.734,35.924,137.36,132.48,121.678,114.207,103.81,67.213,19.397,0.644
Netherlands,2004,0.849,1.042,1.262,1.547,1.915,0.194,0.22,135.269,0.653,7.486,18.193,25.608,134.984,25.323,35.421,134.616,35.053,132.419,127.783,117.076,109.661,99.563,64.786,18.623,0.626
Netherlands,2005,0.921,1.119,1.343,1.599,1.961,0.198,0.224,135.134,0.618,7.139,17.388,24.854,134.878,24.598,34.422,134.516,34.06,132.436,127.995,117.746,110.28,100.456,66.042,19.402,0.673
Netherlands,2006,0.825,0.995,1.216,1.452,1.788,0.17,0.221,134.213,0.572,6.739,16.919,24.558,133.977,24.322,33.926,133.641,33.59,131.7,127.474,117.294,109.655,100.051,66.681,19.731,0.7
Netherlands,2007,0.737,0.884,1.086,1.344,1.709,0.148,0.202,131.895,0.623,6.463,16.223,24.17,131.637,23.912,33.557,131.272,33.192,129.446,125.432,115.672,107.725,98.08,65.691,19.33,0.698
Netherlands,2008,0.705,0.855,1.037,1.264,1.611,0.151,0.182,134.058,0.574,6.488,16.232,24.69,133.831,24.463,34.065,133.484,33.718,131.705,127.57,117.826,109.368,99.766,67.948,20.417,0.772
Netherlands,2009,0.713,0.851,1.043,1.284,1.6,0.138,0.192,133.144,0.557,6.208,15.707,24.362,132.903,24.121,33.844,132.587,33.528,130.933,126.936,117.437,108.782,99.059,67.707,20.171,0.785
Netherlands,2010,0.7,0.837,1.013,1.227,1.542,0.136,0.176,135.015,0.529,5.951,15.499,24.231,134.801,24.017,34.161,134.486,33.846,132.911,129.064,119.516,110.784,100.64,69.232,21.292,0.837
Netherlands,2011,0.648,0.753,0.932,1.152,1.483,0.105,0.179,134.729,0.551,5.995,15.436,23.853,134.509,23.633,33.877,134.178,33.546,132.607,128.734,119.293,110.876,100.632,69.91,21.917,0.846
Netherlands,2012,0.649,0.777,0.975,1.179,1.512,0.127,0.198,139.742,0.537,5.785,15.278,23.646,139.538,23.442,34.534,139.205,34.201,137.716,133.957,124.464,116.096,105.004,73.876,24.366,0.931
Netherlands,2013,0.646,0.741,0.901,1.12,1.418,0.095,0.16,140.116,0.517,5.458,14.844,23.003,139.897,22.784,34.495,139.599,34.197,138.157,134.658,125.272,117.113,105.402,74.654,25.022,0.968
Netherlands,2014,0.64,0.741,0.918,1.149,1.419,0.101,0.177,138.31,0.501,5.369,14.462,22.335,138.079,22.104,33.724,137.809,33.454,136.372,132.941,123.848,115.975,104.355,73.926,25.713,1.03
Netherlands,2015,0.562,0.66,0.806,0.993,1.272,0.099,0.146,146.324,0.466,5.177,14.339,22.397,146.137,22.21,34.58,145.858,34.301,144.417,141.147,131.985,123.927,111.557,79.35,28.027,1.098
Netherlands,2016,0.601,0.706,0.842,1.027,1.346,0.105,0.136,148.132,0.504,5.144,14.48,22.542,147.947,22.357,34.718,147.628,34.399,146.158,142.988,133.652,125.59,113.229,80.389,28.689,1.117
Netherlands,2017,0.61,0.698,0.877,1.109,1.417,0.087,0.179,149.315,0.54,5.077,13.963,21.958,149.083,21.726,33.233,148.775,32.925,147.326,144.238,135.352,127.357,115.85,82.081,29.678,1.16
Netherlands,2018,0.585,0.68,0.816,1.029,1.322,0.096,0.136,152.672,0.506,4.883,13.857,21.963,152.459,21.75,33.169,152.166,32.876,150.683,147.789,138.815,130.709,119.29,83.763,30.595,1.158
Netherlands,2019,0.624,0.724,0.84,1.056,1.388,0.099,0.116,151.137,0.548,4.812,13.444,21.231,150.921,21.015,32.153,150.589,31.821,149.115,146.325,137.693,129.906,118.768,82.93,30.27,1.144
Netherlands,2020,0.656,0.739,0.878,1.072,1.376,0.083,0.139,167.73,0.498,5,13.717,22.048,167.536,21.854,33.696,167.232,33.392,165.647,162.73,154.013,145.682,133.84,93.265,33.533,1.263
Netherlands,2021,0.62,0.697,0.845,1.022,1.361,0.076,0.148,170.047,0.516,5.001,14.448,23.124,169.87,22.947,35.431,169.531,35.092,167.897,165.046,155.599,146.923,134.439,92.233,33.304,1.334
Netherlands,2022,0.6,0.696,0.824,1.002,1.327,0.095,0.128,165.996,0.503,4.638,13.433,21.595,165.818,21.417,32.91,165.493,32.585,163.967,161.358,152.563,144.401,132.908,92.781,34.58,1.468
Netherlands,2023,0.573,0.666,0.787,0.962,1.287,0.093,0.121,165.55,0.5,4.57,13.115,21.247,165.375,21.072,32.416,165.05,32.091,163.511,160.98,152.435,144.303,132.959,92.824,34.41,1.465
United States of America,1950,116.939,135.802,150.728,162.607,180.028,18.863,14.926,1328.959,29.3,213.58,412.899,555.255,1317.08,543.376,706.647,1299.659,689.226,1223.461,1115.379,916.06,773.704,610.433,263.32,46.188,1.885
United States of America,1951,119.597,139.268,154.609,166.429,183.528,19.671,15.341,1348.115,28.919,212.039,415.634,557.689,1336.295,545.869,712.745,1319.196,695.646,1243.944,1136.076,932.481,790.426,623.55,271.088,47.396,1.769
United States of America,1952,121.396,141.46,157.505,169.982,186.847,20.063,16.045,1352.419,29.342,211.072,414.23,557.034,1339.942,544.557,712.352,1323.077,695.487,1249.358,1141.347,938.189,795.385,627.59,273.574,47.326,1.702
United States of America,1953,117.938,136.625,152.04,163.87,180.098,18.686,15.415,1368.775,28.058,205.057,407.134,551.29,1356.945,539.46,710.58,1340.717,694.352,1270.937,1163.718,961.641,817.485,646.365,285.922,49.871,1.789
United States of America,1954,115.601,132.877,147.587,158.331,173.251,17.275,14.71,1329.624,25.664,194.044,387.225,526.699,1318.88,515.955,683.666,1303.96,668.746,1238.256,1135.58,942.399,802.925,635.214,281.076,49.675,1.83
United States of America,1955,113.587,130.57,145.405,156.377,171.496,16.982,14.835,1367.238,26.091,193.347,386.873,527.835,1356.266,516.863,688.707,1341.147,673.588,1276.349,1173.891,980.365,839.403,667.559,299.189,52.615,1.908
United States of America,1956,114.687,131.615,146.527,157.647,172.595,16.929,14.912,1394.876,26.068,193.372,389.027,533.951,1383.756,522.831,697.176,1368.808,682.228,1304.723,1201.504,1005.849,860.925,686.58,310.507,54.784,2.019
United States of America,1957,117.061,134.581,150.424,162.212,176.781,17.52,15.843,1449.796,26.357,197.838,400.688,552.228,1438.008,540.44,723.713,1423.439,709.144,1357.429,1251.958,1049.108,897.568,714.295,323.414,57.935,2.217
United States of America,1958,118.752,136.545,152.051,163.268,177.217,17.793,15.506,1454.174,25.166,192.754,395.542,545.024,1442.957,533.807,716.8,1429.008,702.851,1365.387,1261.42,1058.632,909.15,726.157,327.557,59.214,2.11
United States of America,1959,116.252,133.621,150.025,161.863,175.705,17.37,16.404,1457.059,25.68,192.764,397.164,545.14,1445.221,533.302,715.402,1431.379,701.56,1368.298,1264.295,1059.895,911.919,729.819,325.712,58.947,1.834
United States of America,1960,115.231,133.174,149.655,161.857,175.435,17.943,16.481,1514.268,25.78,196.15,403.393,557.613,1502.066,545.411,732.966,1488.488,719.388,1425.328,1318.118,1110.875,956.655,769.1,346.722,65.419,1.812
United States of America,1961,111.035,128.057,144.203,156.456,170,17.023,16.146,1515.186,25.797,192.86,395.271,548.87,1502.933,536.617,724.213,1489.389,710.669,1428.002,1322.326,1119.915,966.316,778.72,357.875,69.293,1.857
United States of America,1962,107.926,124.576,140.958,154.115,168.534,16.651,16.382,1583.815,27.576,198.421,408.179,565.85,1570.658,552.693,745.207,1556.239,730.788,1493.972,1385.394,1175.636,1017.965,825.451,385.896,77.733,2.13
United States of America,1963,105.404,122.455,138.996,153.15,168.537,17.051,16.541,1653.427,29.541,204.345,421.774,585.334,1639.273,571.18,766.634,1623.886,751.247,1560.564,1449.082,1231.653,1068.093,872.639,412.259,85.831,2.417
United States of America,1964,102.637,119.02,135.771,151.161,167.592,16.383,16.751,1652.711,31.821,208.036,425.814,590.438,1637.321,575.048,765.545,1620.89,749.114,1556.883,1444.675,1226.897,1062.273,871.776,415.548,87.786,2.551
United States of America,1965,94.515,110.344,127.087,143.396,160.655,15.828,16.743,1700.192,33.568,210.925,432.254,597.797,1683.883,581.488,776.419,1666.624,759.16,1602.974,1489.267,1267.938,1102.395,907.464,440.518,94.419,2.776
United States of America,1966,88.044,103.608,120.84,138.948,158.041,15.564,17.232,1752.785,37.201,217.503,444.001,609.878,1734.677,591.77,791.556,1715.584,772.463,1651.454,1535.282,1308.784,1142.907,943.121,462.526,100.988,3.057
United States of America,1967,81.652,95.624,112.704,131.017,151.622,13.973,17.08,1759.349,38.918,219.685,446.083,611.855,1741.036,593.542,791.392,1720.431,770.787,1655.656,1539.664,1313.266,1147.494,949.644,470.465,103.586,3.295
United States of America,1968,80.281,93.853,111.572,131.293,154.232,13.572,17.719,1848.68,42.66,230.393,465.59,639.389,1828.959,619.668,827.441,1806.02,804.502,1738.411,1618.287,1383.09,1209.291,1001.518,501.535,110.638,3.718
United States of America,1969,79.966,92.809,110.443,131.642,156.371,12.843,17.634,1847.39,45.928,233.944,467.497,638.288,1826.191,617.089,824.645,1801.462,799.916,1732.588,1613.446,1379.893,1209.102,1001.546,507.9,111.198,3.971
United States of America,1970,80.997,93.072,110.141,131.172,156.611,12.075,17.069,1850.572,46.47,232.615,468.491,640.188,1829.541,619.157,825.523,1804.102,800.084,1735.692,1617.957,1382.081,1210.384,1004.018,507.672,111.454,4.148
United States of America,1971,70.258,82.08,98.856,120.588,146.58,11.822,16.776,1871.159,47.724,230.845,464.294,635.685,1849.427,613.953,816.132,1823.435,790.14,1754.454,1640.314,1406.865,1235.474,1033.295,531.69,120.887,4.682
United States of America,1972,61.518,73.129,89.504,111.908,138.411,11.611,16.375,1911.321,48.907,232.273,468.298,643.556,1888.917,621.152,830.354,1862.414,803.851,1792.435,1679.048,1443.023,1267.765,1058.563,545.387,124.796,5.1
United States of America,1973,57.319,68.672,84.854,107.902,134.872,11.353,16.182,1922.624,50.018,232.289,467.775,642.942,1899.576,619.894,829.238,1872.606,802.268,1800.398,1690.335,1454.849,1279.682,1070.338,561.375,130.357,5.599
United States of America,1974,55.922,66.169,80.904,102.999,129.244,10.247,14.735,1885.973,48.34,223.33,451.96,624.8,1863.878,602.705,808.908,1837.633,782.663,1767.133,1662.643,1434.013,1261.173,1054.97,557.711,130.469,5.89
United States of America,1975,52.531,61.968,75.572,96.902,123.653,9.438,13.604,1845.491,48.081,217.266,440.913,610.818,1824.161,589.488,791.457,1797.41,764.706,1726.931,1628.225,1404.578,1234.673,1032.704,545.267,128.996,6.103
United States of America,1976,50.392,59.372,72.325,93,119.07,8.981,12.953,1863.125,46.745,210.88,432.223,603.352,1842.45,582.677,785.823,1816.38,759.753,1747.29,1652.245,1430.902,1259.773,1056.627,567.589,139.009,6.914
United States of America,1977,49.183,57.864,70.453,92.078,119.148,8.681,12.589,1850.708,48.695,211.416,429.149,598.316,1829.083,576.691,778.949,1802.013,751.879,1730.897,1639.292,1421.559,1252.392,1050.134,563.548,138.714,7.024
United States of America,1978,47.91,56.708,68.71,90.102,117.967,8.798,12.002,1876.352,49.257,211.027,426.021,596.155,1854.96,574.763,779.067,1827.095,751.202,1754.38,1665.325,1450.331,1280.197,1075.893,583.272,146.753,7.531
United States of America,1979,47.708,56.156,67.202,88.395,116.512,8.448,11.046,1860.694,49.31,210.029,419.249,585.03,1839.501,563.837,767.296,1811.384,739.179,1736.076,1650.665,1441.445,1275.664,1072.205,583.023,147.782,7.66
United States of America,1980,47.431,55.98,66.569,87.274,116.059,8.55,10.589,1937.671,49.49,212.386,423.085,590.968,1916.966,570.263,782.58,1888.181,753.795,1809.832,1725.285,1514.586,1346.703,1134.386,625.782,162.343,8.559
United States of America,1981,44.614,52.998,62.95,81.355,108.401,8.384,9.952,1930.87,45.451,208.353,414.598,582.806,1912.465,564.401,775.662,1885.419,748.616,1805.698,1722.517,1516.272,1348.064,1136.803,630.158,163.763,8.733
United States of America,1982,43.783,52.045,61.548,78.567,103.983,8.262,9.503,1931.243,42.435,200.963,399.545,569.025,1914.224,552.006,762.876,1888.808,737.46,1810.701,1730.28,1531.698,1362.218,1151.348,635.516,167.215,9.195
United States of America,1983,41.689,49.831,58.893,74.568,98.429,8.142,9.062,1980.499,39.536,197.726,394.044,565.67,1964.824,549.995,762.71,1940.963,738.849,1863.063,1782.773,1586.455,1414.829,1202.114,669.091,182.366,10.351
United States of America,1984,41.165,48.837,57.864,73.06,97.161,7.673,9.027,2004.11,39.297,202.097,393.103,565.369,1988.914,550.173,763.37,1964.813,739.269,1883.921,1802.013,1611.007,1438.741,1225.544,685.225,190.439,11.139
United States of America,1985,41.454,49.083,57.986,72.998,96.363,7.63,8.903,2054.681,38.377,207.353,395.773,568.689,2039.669,553.677,769.143,2016.304,745.778,1931.009,1847.328,1658.908,1485.992,1270.526,717.669,203.295,12.302
United States of America,1986,39.943,47.719,56.481,72.61,96.836,7.776,8.762,2075.898,40.355,219.131,401.437,571.757,2059.769,555.628,773.297,2035.543,749.071,1942.694,1856.767,1674.461,1504.141,1286.472,729.406,207.892,12.856
United States of America,1987,39.82,47.55,56.262,71.747,94.607,7.731,8.712,2095.695,38.345,222.697,402.139,569.417,2080.21,553.932,773.733,2057.35,750.873,1961.502,1872.998,1693.556,1526.278,1306.477,747.591,214.463,13.745
United States of America,1988,40.653,48.362,57.323,73.08,95.619,7.709,8.961,2142.071,38.296,230.625,407.725,573.273,2126.314,557.516,779.125,2103.775,756.586,2004.644,1911.446,1734.346,1568.798,1347.189,781.79,225.207,14.572
United States of America,1989,41.966,49.584,58.563,73.853,95.054,7.617,8.979,2121.731,36.491,235.35,408.29,567.604,2106.441,552.314,770.772,2085.24,749.571,1983.345,1886.381,1713.441,1554.127,1335.669,776.429,223.018,14.553
United States of America,1990,40.288,47.51,55.919,71.272,92.434,7.222,8.409,2122.424,36.515,238.913,407.261,562.398,2107.071,547.045,763.52,2085.909,742.358,1983.394,1883.511,1715.163,1560.026,1343.551,786.327,227.811,14.793
United States of America,1991,37.97,45.415,53.862,68.891,90.152,7.444,8.447,2145.493,36.29,244.774,411.783,563.303,2130.464,548.274,761.773,2109.203,740.512,2005.673,1900.719,1733.71,1582.19,1368.691,809.084,238.495,15.686
United States of America,1992,35.339,42.351,50.526,64.719,85.049,7.012,8.175,2153.14,34.523,247.232,413.406,559.911,2138.947,545.718,755.748,2118.617,735.418,2015.013,1905.908,1739.734,1593.229,1383.199,822.832,242.814,16.114
United States of America,1993,33.937,41.177,49.823,64.684,85.444,7.24,8.646,2245.846,35.621,256.868,428.134,573.777,2230.985,558.916,770.355,2210.225,749.595,2103.486,1988.978,1817.712,1672.069,1460.63,882.561,263.714,17.585
United States of America,1994,32.144,39.053,47.495,62.661,83.004,6.909,8.442,2257.522,35.509,262.38,435.512,577.815,2242.356,562.649,768.147,2222.013,747.804,2114.622,1995.142,1822.01,1679.707,1474.209,897.864,269.698,17.779
United States of America,1995,29.927,36.391,44.97,59.937,79.476,6.464,8.579,2291.369,34.506,265.282,440.856,580.789,2276.402,565.822,766.536,2256.863,746.997,2150.474,2026.087,1850.513,1710.58,1509.866,927.196,282.089,18.492
United States of America,1996,28.908,34.897,43.232,57.76,75.949,5.989,8.335,2294.574,32.717,250.136,426.258,564.384,2280.046,549.856,745.939,2261.857,727.75,2166.462,2044.438,1868.316,1730.19,1534.107,948.458,291.247,18.677
United States of America,1997,28.271,33.789,41.813,55.998,73.63,5.518,8.024,2295.951,31.817,235.005,413.656,548.329,2281.766,534.144,725.243,2264.134,707.611,2178.884,2060.946,1882.295,1747.622,1556.523,971.251,303.505,19.16
United States of America,1998,28.765,34.031,41.706,55.375,72.598,5.266,7.675,2317.032,30.892,230.308,412.573,545.831,2303.363,532.162,718.866,2286.14,701.643,2205.021,2086.724,1904.459,1771.201,1584.497,997.895,313.507,19.386
United States of America,1999,28.275,33.481,40.972,54.647,71.868,5.207,7.491,2372.041,30.896,231.67,421.892,554.911,2358.366,541.236,726.048,2341.145,708.827,2261.957,2140.371,1950.149,1817.13,1632.318,1042.955,332.144,20.168
United States of America,2000,28.32,33.289,40.612,54.05,72.1,4.969,7.323,2383.306,31.488,234.668,431.469,563.723,2369.868,550.285,730.139,2351.818,712.089,2274.042,2148.638,1951.837,1819.583,1639.729,1058.462,339.92,20.401
United States of America,2001,27.166,32.248,39.235,52.704,71.702,5.083,6.987,2393.684,32.467,241.925,446.052,578.274,2380.215,564.805,740.813,2361.217,721.815,2281.335,2151.759,1947.632,1815.41,1639.402,1069.021,342.88,20.37
United States of America,2002,27.577,32.415,39.403,53.109,72.608,4.839,6.988,2422.445,33.205,244.459,455.957,591.878,2408.739,578.172,751.639,2389.24,732.14,2311.189,2177.986,1966.488,1830.567,1657.1,1095.582,354.896,20.908
United States of America,2003,27.838,32.787,39.585,53.108,73.299,4.949,6.798,2427.072,33.714,245.585,463.686,604.761,2413.549,591.238,764.003,2393.358,743.812,2316.544,2181.487,1963.386,1822.311,1649.546,1101.578,358.521,21.022
United States of America,2004,27.838,32.601,39.352,52.928,72.883,4.763,6.751,2380.465,33.531,240.719,461.255,603.965,2366.889,590.389,759.377,2346.934,739.422,2272.567,2139.746,1919.21,1776.5,1607.512,1082.734,352.56,20.819
United States of America,2005,28.515,33.28,39.809,53.414,74.206,4.766,6.529,2432.351,34.397,243.716,474.868,622.876,2418.746,609.271,777.902,2397.954,757.11,2322.939,2188.635,1957.483,1809.475,1640.844,1119.245,370.121,21.918
United States of America,2006,29.14,33.772,39.843,53.53,74.969,4.632,6.071,2412.833,35.126,243.574,480.006,631.029,2399.146,617.342,785.228,2377.707,763.789,2301.612,2169.259,1932.827,1781.804,1613.918,1108.429,368.874,22.228
United States of America,2007,29.639,34.419,40.486,53.673,74.744,4.779,6.067,2410.11,34.258,237.593,475.898,631.179,2396.923,617.992,789.497,2375.852,768.426,2300.774,2172.517,1934.212,1778.931,1607.426,1112.445,372.743,22.691
United States of America,2008,28.356,33.139,38.677,51.022,71.296,4.784,5.538,2463.424,32.619,232.039,474.638,637.308,2451.079,624.963,804.634,2430.805,784.36,2357.035,2231.385,1988.786,1826.116,1646.445,1148.133,392.651,24.121
United States of America,2009,26.805,31.345,36.912,48.339,67.754,4.54,5.567,2431.976,30.842,227.979,475.962,641.512,2420.549,630.085,813.598,2401.134,794.183,2327.263,2203.997,1956.014,1790.464,1606.951,1122.891,386.453,23.766
United States of America,2010,24.709,29.149,34.338,45.174,64.349,4.441,5.189,2467.884,30.011,219.553,469.106,639.362,2457.048,628.526,817.487,2437.873,798.312,2365.66,2248.331,1998.778,1828.522,1639.561,1155.154,408.643,25.234
United States of America,2011,23.834,28.187,33.574,44.123,63.722,4.353,5.387,2519.59,30.148,219.62,476.596,652.348,2509.041,641.799,837.685,2489.442,818.086,2415.934,2299.97,2042.994,1867.242,1671.356,1183.914,428.77,26.626
United States of America,2012,23.588,27.887,33.088,43.1,62.588,4.299,5.201,2534.329,29.5,216.298,478.606,658.391,2524.317,648.379,853.716,2504.829,834.228,2430.241,2318.031,2055.723,1875.938,1670.601,1178.378,430.839,26.932
United States of America,2013,23.279,27.382,32.729,42.186,61.502,4.103,5.347,2578.401,28.773,215.964,483.253,667.963,2568.944,658.506,873.902,2549.628,854.586,2473.256,2362.437,2095.148,1910.438,1695.042,1185.747,437.357,27.184
United States of America,2014,23.201,27.036,32.398,42.027,61.452,3.834,5.362,2598.97,29.054,218.185,490.645,682.727,2589.341,673.098,895.848,2569.916,876.423,2490.012,2380.785,2108.325,1916.243,1693.493,1171.487,437.91,27.086
United States of America,2015,23.371,27.359,32.957,43.22,63.685,3.987,5.598,2674.712,30.728,226.503,501.718,701.213,2664.449,690.95,926.266,2643.984,905.801,2557.105,2448.209,2172.994,1973.499,1738.183,1197.715,452.205,27.351
United States of America,2016,23.084,27.142,32.838,43.806,65.763,4.057,5.696,2699.895,32.925,241.642,518.639,725.313,2688.927,714.345,957.212,2666.97,935.255,2569.579,2458.253,2181.256,1974.582,1731.715,1178.143,446.95,26.559
United States of America,2017,22.198,26.084,31.899,43.053,64.488,3.887,5.815,2764.047,32.589,246.85,521.868,734.694,2752.893,723.54,971.253,2731.458,949.818,2629.517,2517.197,2242.179,2029.353,1781.64,1201.005,460.179,27.181
United States of America,2018,21.309,25.144,30.851,41.575,61.726,3.835,5.707,2787.779,30.875,244.081,514.557,732.34,2777.055,721.616,973.243,2756.904,953.092,2655.635,2543.698,2273.222,2055.439,1803.812,1199.505,462.054,27.328
United States of America,2019,20.922,24.61,30.321,41.004,61.027,3.689,5.711,2812.15,30.706,246.367,510.246,730.791,2801.467,720.108,975.543,2781.444,955.52,2678.522,2565.783,2301.904,2081.359,1825.924,1201.265,460.098,27.144
United States of America,2020,19.281,22.849,28.643,41.389,65.9,3.568,5.794,3355.647,37.257,303.652,609.48,870.816,3342.901,858.07,1165.363,3318.39,1140.852,3190.16,3051.995,2746.167,2484.831,2177.538,1410.206,525.056,29.196
United States of America,2021,20.358,24.182,30.277,44.126,70.065,3.824,6.095,3462.605,39.788,346.804,681.293,965.611,3448.756,951.762,1283.928,3422.817,1257.989,3276.635,3115.801,2781.312,2496.994,2164.828,1358.717,491.219,27.316
United States of America,2022,20.226,23.713,29.147,40.957,64.178,3.487,5.434,3158.156,35.031,281.279,582.582,838.99,3146.346,827.18,1121.099,3123.125,1097.878,3004.572,2876.877,2575.574,2319.166,2025.247,1287.906,496.968,30.755
United States of America,2023,19.398,22.684,27.816,37.992,57.977,3.285,5.132,2947.842,30.161,244.219,495.408,717.811,2937.666,707.635,977.078,2917.681,957.093,2815.644,2703.623,2452.434,2230.031,1960.588,1263.067,487.651,29.913
